epoch,score,module,loss,optimizer,metrics,device,cluster,grads_per_worker,max_epochs,batch_size,max_batch_size,min_workers,max_workers,random_state,module__depth,module__widen_factor,module__dropout_rate,module__num_classes,optimizer__lr,optimizer__momentum,optimizer__nesterov,optimizer__weight_decay,client,n_updates,n_data,n_weight_changes,score__calls,partial_fit__calls,n_workers,partial_fit__time,partial_fit__batch_size,partial_fit__lr,weight_aggregate,score__acc,score__loss,score__time
0,0.6290000081062317,<class 'model.Wide_ResNet'>,<class 'torch.nn.modules.loss.CrossEntropyLoss'>,<class 'torch.optim.sgd.SGD'>,,cuda:0,,128,200,128,1024,1,8,,16,4,0.3,10,0.1,0.9,True,0.0005,"<Client: 'inproc://172.31.40.124/2177/1' processes=1 threads=4, memory=16.48 GB>",391,50048,391,1,1,1,81.91337490081787,128,0.05,2800.727209990844,0.6290000081062317,1.041607159423828,5.4845733642578125
1,0.694599986076355,<class 'model.Wide_ResNet'>,<class 'torch.nn.modules.loss.CrossEntropyLoss'>,<class 'torch.optim.sgd.SGD'>,,cuda:0,,128,200,128,1024,1,8,,16,4,0.3,10,0.1,0.9,True,0.0005,"<Client: 'inproc://172.31.40.124/2177/1' processes=1 threads=4, memory=16.48 GB>",782,100096,782,2,2,1,83.48268032073975,128,0.05,3068.0332937538624,0.694599986076355,0.87466591796875,5.476293563842773
2,0.7508999705314636,<class 'model.Wide_ResNet'>,<class 'torch.nn.modules.loss.CrossEntropyLoss'>,<class 'torch.optim.sgd.SGD'>,,cuda:0,,128,200,128,1024,1,8,,16,4,0.3,10,0.1,0.9,True,0.0005,"<Client: 'inproc://172.31.40.124/2177/1' processes=1 threads=4, memory=16.48 GB>",1173,150144,1173,3,3,1,82.68022465705872,128,0.05,3423.929770413786,0.7508999705314636,0.7238953552246093,5.509076833724976
3,0.7793999910354614,<class 'model.Wide_ResNet'>,<class 'torch.nn.modules.loss.CrossEntropyLoss'>,<class 'torch.optim.sgd.SGD'>,,cuda:0,,128,200,128,1024,1,8,,16,4,0.3,10,0.1,0.9,True,0.0005,"<Client: 'inproc://172.31.40.124/2177/1' processes=1 threads=4, memory=16.48 GB>",1564,200192,1564,4,4,1,82.38940334320068,128,0.05,3594.3942891694605,0.7793999910354614,0.6629802673339844,5.428345441818237
4,0.8016999959945679,<class 'model.Wide_ResNet'>,<class 'torch.nn.modules.loss.CrossEntropyLoss'>,<class 'torch.optim.sgd.SGD'>,,cuda:0,,128,200,128,1024,1,8,,16,4,0.3,10,0.1,0.9,True,0.0005,"<Client: 'inproc://172.31.40.124/2177/1' processes=1 threads=4, memory=16.48 GB>",1955,250240,1955,5,5,1,82.76168918609619,128,0.05,3782.1195221692324,0.8016999959945679,0.5765888427734375,6.6709630489349365
5,0.8024999499320984,<class 'model.Wide_ResNet'>,<class 'torch.nn.modules.loss.CrossEntropyLoss'>,<class 'torch.optim.sgd.SGD'>,,cuda:0,,128,200,128,1024,1,8,,16,4,0.3,10,0.1,0.9,True,0.0005,"<Client: 'inproc://172.31.40.124/2177/1' processes=1 threads=4, memory=16.48 GB>",2346,300288,2346,6,6,1,81.98951721191406,128,0.05,3925.377307653427,0.8024999499320984,0.5835817260742188,5.512600421905518
6,0.8096999526023865,<class 'model.Wide_ResNet'>,<class 'torch.nn.modules.loss.CrossEntropyLoss'>,<class 'torch.optim.sgd.SGD'>,,cuda:0,,128,200,128,1024,1,8,,16,4,0.3,10,0.1,0.9,True,0.0005,"<Client: 'inproc://172.31.40.124/2177/1' processes=1 threads=4, memory=16.48 GB>",2737,350336,2737,7,7,1,82.09138321876526,128,0.05,3917.8395716995,0.8096999526023865,0.5618745422363282,5.4809229373931885
7,0.832099974155426,<class 'model.Wide_ResNet'>,<class 'torch.nn.modules.loss.CrossEntropyLoss'>,<class 'torch.optim.sgd.SGD'>,,cuda:0,,128,200,128,1024,1,8,,16,4,0.3,10,0.1,0.9,True,0.0005,"<Client: 'inproc://172.31.40.124/2177/1' processes=1 threads=4, memory=16.48 GB>",3128,400384,3128,8,8,1,82.36098194122314,128,0.05,4055.768215149641,0.832099974155426,0.5052192657470703,5.4665446281433105
8,0.8307999968528748,<class 'model.Wide_ResNet'>,<class 'torch.nn.modules.loss.CrossEntropyLoss'>,<class 'torch.optim.sgd.SGD'>,,cuda:0,,128,200,128,1024,1,8,,16,4,0.3,10,0.1,0.9,True,0.0005,"<Client: 'inproc://172.31.40.124/2177/1' processes=1 threads=4, memory=16.48 GB>",3519,450432,3519,9,9,1,83.4190924167633,128,0.05,4098.933252593502,0.8307999968528748,0.5073031768798828,5.474567413330078
9,0.8369999527931213,<class 'model.Wide_ResNet'>,<class 'torch.nn.modules.loss.CrossEntropyLoss'>,<class 'torch.optim.sgd.SGD'>,,cuda:0,,128,200,128,1024,1,8,,16,4,0.3,10,0.1,0.9,True,0.0005,"<Client: 'inproc://172.31.40.124/2177/1' processes=1 threads=4, memory=16.48 GB>",3910,500480,3910,10,10,1,82.08951377868652,128,0.05,4047.8483677934855,0.8369999527931213,0.48220506896972654,5.504117488861084
10,0.8292999863624573,<class 'model.Wide_ResNet'>,<class 'torch.nn.modules.loss.CrossEntropyLoss'>,<class 'torch.optim.sgd.SGD'>,,cuda:0,,128,200,128,1024,1,8,,16,4,0.3,10,0.1,0.9,True,0.0005,"<Client: 'inproc://172.31.40.124/2177/1' processes=1 threads=4, memory=16.48 GB>",4301,550528,4301,11,11,1,82.10990166664124,128,0.05,4021.0871754381806,0.8292999863624573,0.5030225128173829,5.5069427490234375
11,0.8430999517440796,<class 'model.Wide_ResNet'>,<class 'torch.nn.modules.loss.CrossEntropyLoss'>,<class 'torch.optim.sgd.SGD'>,,cuda:0,,128,200,128,1024,1,8,,16,4,0.3,10,0.1,0.9,True,0.0005,"<Client: 'inproc://172.31.40.124/2177/1' processes=1 threads=4, memory=16.48 GB>",4692,600576,4692,13,12,1,82.06860756874084,128,0.05,4106.387762963772,0.8430999517440796,0.4688594268798828,5.437606334686279
12,0.8443999886512756,<class 'model.Wide_ResNet'>,<class 'torch.nn.modules.loss.CrossEntropyLoss'>,<class 'torch.optim.sgd.SGD'>,,cuda:0,,128,200,128,1024,1,8,,16,4,0.3,10,0.1,0.9,True,0.0005,"<Client: 'inproc://172.31.40.124/2177/1' processes=1 threads=4, memory=16.48 GB>",5083,650624,5083,14,13,1,83.05490970611572,128,0.05,4061.8740957845002,0.8443999886512756,0.4538287841796875,5.394982814788818
13,0.8333999514579773,<class 'model.Wide_ResNet'>,<class 'torch.nn.modules.loss.CrossEntropyLoss'>,<class 'torch.optim.sgd.SGD'>,,cuda:0,,128,200,128,1024,1,8,,16,4,0.3,10,0.1,0.9,True,0.0005,"<Client: 'inproc://172.31.40.124/2177/1' processes=1 threads=4, memory=16.48 GB>",5474,700672,5474,15,14,1,81.94665670394897,128,0.05,4083.6398640051484,0.8333999514579773,0.49192152404785155,5.420531511306763
14,0.8466999530792236,<class 'model.Wide_ResNet'>,<class 'torch.nn.modules.loss.CrossEntropyLoss'>,<class 'torch.optim.sgd.SGD'>,,cuda:0,,128,200,128,1024,1,8,,16,4,0.3,10,0.1,0.9,True,0.0005,"<Client: 'inproc://172.31.40.124/2177/1' processes=1 threads=4, memory=16.48 GB>",5865,750720,5865,16,15,1,82.31329560279846,128,0.05,4119.8246753346175,0.8466999530792236,0.44974596252441407,5.403799533843994
15,0.8345999717712402,<class 'model.Wide_ResNet'>,<class 'torch.nn.modules.loss.CrossEntropyLoss'>,<class 'torch.optim.sgd.SGD'>,,cuda:0,,128,200,128,1024,1,8,,16,4,0.3,10,0.1,0.9,True,0.0005,"<Client: 'inproc://172.31.40.124/2177/1' processes=1 threads=4, memory=16.48 GB>",6256,800768,6256,17,16,1,82.36165404319763,128,0.05,4076.610520604998,0.8345999717712402,0.48839443969726565,5.403709888458252
16,0.8388999700546265,<class 'model.Wide_ResNet'>,<class 'torch.nn.modules.loss.CrossEntropyLoss'>,<class 'torch.optim.sgd.SGD'>,,cuda:0,,128,200,128,1024,1,8,,16,4,0.3,10,0.1,0.9,True,0.0005,"<Client: 'inproc://172.31.40.124/2177/1' processes=1 threads=4, memory=16.48 GB>",6647,850816,6647,18,17,1,83.45200729370117,128,0.05,4101.302555470727,0.8388999700546265,0.4766678924560547,5.449409484863281
17,0.8547999858856201,<class 'model.Wide_ResNet'>,<class 'torch.nn.modules.loss.CrossEntropyLoss'>,<class 'torch.optim.sgd.SGD'>,,cuda:0,,128,200,128,1024,1,8,,16,4,0.3,10,0.1,0.9,True,0.0005,"<Client: 'inproc://172.31.40.124/2177/1' processes=1 threads=4, memory=16.48 GB>",7038,900864,7038,19,18,1,82.31164145469666,128,0.05,4145.116194526665,0.8547999858856201,0.43249840087890623,5.422990798950195
18,0.8427000045776367,<class 'model.Wide_ResNet'>,<class 'torch.nn.modules.loss.CrossEntropyLoss'>,<class 'torch.optim.sgd.SGD'>,,cuda:0,,128,200,128,1024,1,8,,16,4,0.3,10,0.1,0.9,True,0.0005,"<Client: 'inproc://172.31.40.124/2177/1' processes=1 threads=4, memory=16.48 GB>",7429,950912,7429,20,19,1,82.42953753471375,128,0.05,4138.058659084141,0.8427000045776367,0.47326766967773437,5.401150703430176
19,0.8279999494552612,<class 'model.Wide_ResNet'>,<class 'torch.nn.modules.loss.CrossEntropyLoss'>,<class 'torch.optim.sgd.SGD'>,,cuda:0,,128,200,128,1024,1,8,,16,4,0.3,10,0.1,0.9,True,0.0005,"<Client: 'inproc://172.31.40.124/2177/1' processes=1 threads=4, memory=16.48 GB>",7820,1000960,7820,21,20,1,82.05106568336487,128,0.05,4107.252189328894,0.8279999494552612,0.5261900268554688,5.455980062484741
20,0.8407999873161316,<class 'model.Wide_ResNet'>,<class 'torch.nn.modules.loss.CrossEntropyLoss'>,<class 'torch.optim.sgd.SGD'>,,cuda:0,,128,200,128,1024,1,8,,16,4,0.3,10,0.1,0.9,True,0.0005,"<Client: 'inproc://172.31.40.124/2177/1' processes=1 threads=4, memory=16.48 GB>",8211,1051008,8211,22,21,1,83.0308027267456,128,0.05,4128.600599656813,0.8407999873161316,0.466037890625,5.4145543575286865
21,0.856499969959259,<class 'model.Wide_ResNet'>,<class 'torch.nn.modules.loss.CrossEntropyLoss'>,<class 'torch.optim.sgd.SGD'>,,cuda:0,,128,200,128,1024,1,8,,16,4,0.3,10,0.1,0.9,True,0.0005,"<Client: 'inproc://172.31.40.124/2177/1' processes=1 threads=4, memory=16.48 GB>",8602,1101056,8602,23,22,1,82.13393998146057,128,0.05,4122.7761337943375,0.856499969959259,0.42159969787597656,5.48115873336792
22,0.8574000000953674,<class 'model.Wide_ResNet'>,<class 'torch.nn.modules.loss.CrossEntropyLoss'>,<class 'torch.optim.sgd.SGD'>,,cuda:0,,128,200,128,1024,1,8,,16,4,0.3,10,0.1,0.9,True,0.0005,"<Client: 'inproc://172.31.40.124/2177/1' processes=1 threads=4, memory=16.48 GB>",8993,1151104,8993,24,23,1,82.11311435699463,128,0.05,4140.414071761072,0.8574000000953674,0.43050974731445313,5.5016114711761475
23,0.851099967956543,<class 'model.Wide_ResNet'>,<class 'torch.nn.modules.loss.CrossEntropyLoss'>,<class 'torch.optim.sgd.SGD'>,,cuda:0,,128,200,128,1024,1,8,,16,4,0.3,10,0.1,0.9,True,0.0005,"<Client: 'inproc://172.31.40.124/2177/1' processes=1 threads=4, memory=16.48 GB>",9384,1201152,9384,25,24,1,83.50576210021973,128,0.05,4230.9391084956005,0.851099967956543,0.43541660766601564,5.494993686676025
24,0.8496999740600586,<class 'model.Wide_ResNet'>,<class 'torch.nn.modules.loss.CrossEntropyLoss'>,<class 'torch.optim.sgd.SGD'>,,cuda:0,,128,200,128,1024,1,8,,16,4,0.3,10,0.1,0.9,True,0.0005,"<Client: 'inproc://172.31.40.124/2177/1' processes=1 threads=4, memory=16.48 GB>",9775,1251200,9775,26,25,1,82.3351616859436,128,0.05,4206.722435749136,0.8496999740600586,0.45379873962402345,5.424542665481567
25,0.8600999712944031,<class 'model.Wide_ResNet'>,<class 'torch.nn.modules.loss.CrossEntropyLoss'>,<class 'torch.optim.sgd.SGD'>,,cuda:0,,128,200,128,1024,1,8,,16,4,0.3,10,0.1,0.9,True,0.0005,"<Client: 'inproc://172.31.40.124/2177/1' processes=1 threads=4, memory=16.48 GB>",10166,1301248,10166,27,26,1,82.36984920501709,128,0.05,4233.71721443953,0.8600999712944031,0.41700782165527345,5.460058212280273
26,0.8515999913215637,<class 'model.Wide_ResNet'>,<class 'torch.nn.modules.loss.CrossEntropyLoss'>,<class 'torch.optim.sgd.SGD'>,,cuda:0,,128,200,128,1024,1,8,,16,4,0.3,10,0.1,0.9,True,0.0005,"<Client: 'inproc://172.31.40.124/2177/1' processes=1 threads=4, memory=16.48 GB>",10557,1351296,10557,28,27,1,82.2741596698761,128,0.05,4176.799461080227,0.8515999913215637,0.462886376953125,5.461117506027222
27,0.8587999939918518,<class 'model.Wide_ResNet'>,<class 'torch.nn.modules.loss.CrossEntropyLoss'>,<class 'torch.optim.sgd.SGD'>,,cuda:0,,128,200,128,1024,1,8,,16,4,0.3,10,0.1,0.9,True,0.0005,"<Client: 'inproc://172.31.40.124/2177/1' processes=1 threads=4, memory=16.48 GB>",10948,1401344,10948,29,28,1,83.50311136245728,128,0.05,4309.930630986579,0.8587999939918518,0.4180255737304687,5.470355033874512
28,0.8527999520301819,<class 'model.Wide_ResNet'>,<class 'torch.nn.modules.loss.CrossEntropyLoss'>,<class 'torch.optim.sgd.SGD'>,,cuda:0,,128,200,128,1024,1,8,,16,4,0.3,10,0.1,0.9,True,0.0005,"<Client: 'inproc://172.31.40.124/2177/1' processes=1 threads=4, memory=16.48 GB>",11339,1451392,11339,30,29,1,82.22459149360657,128,0.05,4248.948946298566,0.8527999520301819,0.43926881408691404,5.450802803039551
29,0.8495000004768372,<class 'model.Wide_ResNet'>,<class 'torch.nn.modules.loss.CrossEntropyLoss'>,<class 'torch.optim.sgd.SGD'>,,cuda:0,,128,200,128,1024,1,8,,16,4,0.3,10,0.1,0.9,True,0.0005,"<Client: 'inproc://172.31.40.124/2177/1' processes=1 threads=4, memory=16.48 GB>",11730,1501440,11730,31,30,1,82.33463382720947,128,0.05,4341.250481683528,0.8495000004768372,0.45619000854492187,5.460024118423462
30,0.858299970626831,<class 'model.Wide_ResNet'>,<class 'torch.nn.modules.loss.CrossEntropyLoss'>,<class 'torch.optim.sgd.SGD'>,,cuda:0,,128,200,128,1024,1,8,,16,4,0.3,10,0.1,0.9,True,0.0005,"<Client: 'inproc://172.31.40.124/2177/1' processes=1 threads=4, memory=16.48 GB>",12121,1551488,12121,32,31,1,82.25906229019165,128,0.05,4316.481246504933,0.858299970626831,0.4224322998046875,5.396587610244751
31,0.856499969959259,<class 'model.Wide_ResNet'>,<class 'torch.nn.modules.loss.CrossEntropyLoss'>,<class 'torch.optim.sgd.SGD'>,,cuda:0,,128,200,128,1024,1,8,,16,4,0.3,10,0.1,0.9,True,0.0005,"<Client: 'inproc://172.31.40.124/2177/1' processes=1 threads=4, memory=16.48 GB>",12512,1601536,12512,33,32,1,83.47291231155396,128,0.05,4352.634183146758,0.856499969959259,0.43031373291015623,5.431434869766235
32,0.8600999712944031,<class 'model.Wide_ResNet'>,<class 'torch.nn.modules.loss.CrossEntropyLoss'>,<class 'torch.optim.sgd.SGD'>,,cuda:0,,128,200,128,1024,1,8,,16,4,0.3,10,0.1,0.9,True,0.0005,"<Client: 'inproc://172.31.40.124/2177/1' processes=1 threads=4, memory=16.48 GB>",12903,1651584,12903,34,33,1,81.87076377868652,128,0.05,4285.67577635101,0.8600999712944031,0.42031470947265626,5.446346282958984
33,0.8534999489784241,<class 'model.Wide_ResNet'>,<class 'torch.nn.modules.loss.CrossEntropyLoss'>,<class 'torch.optim.sgd.SGD'>,,cuda:0,,128,200,128,1024,1,8,,16,4,0.3,10,0.1,0.9,True,0.0005,"<Client: 'inproc://172.31.40.124/2177/1' processes=1 threads=4, memory=16.48 GB>",13294,1701632,13294,35,34,1,82.01645684242249,128,0.05,4274.3275735955685,0.8534999489784241,0.44738585205078124,5.483067035675049
34,0.8618999719619751,<class 'model.Wide_ResNet'>,<class 'torch.nn.modules.loss.CrossEntropyLoss'>,<class 'torch.optim.sgd.SGD'>,,cuda:0,,128,200,128,1024,1,8,,16,4,0.3,10,0.1,0.9,True,0.0005,"<Client: 'inproc://172.31.40.124/2177/1' processes=1 threads=4, memory=16.48 GB>",13685,1751680,13685,36,35,1,83.08280563354492,128,0.05,4378.013796808431,0.8618999719619751,0.4143422943115234,5.400397777557373
35,0.864799976348877,<class 'model.Wide_ResNet'>,<class 'torch.nn.modules.loss.CrossEntropyLoss'>,<class 'torch.optim.sgd.SGD'>,,cuda:0,,128,200,128,1024,1,8,,16,4,0.3,10,0.1,0.9,True,0.0005,"<Client: 'inproc://172.31.40.124/2177/1' processes=1 threads=4, memory=16.48 GB>",14076,1801728,14076,37,36,1,82.12999701499939,128,0.05,4424.27515824954,0.864799976348877,0.40697418212890624,5.4437901973724365
36,0.8615999817848206,<class 'model.Wide_ResNet'>,<class 'torch.nn.modules.loss.CrossEntropyLoss'>,<class 'torch.optim.sgd.SGD'>,,cuda:0,,128,200,128,1024,1,8,,16,4,0.3,10,0.1,0.9,True,0.0005,"<Client: 'inproc://172.31.40.124/2177/1' processes=1 threads=4, memory=16.48 GB>",14467,1851776,14467,38,37,1,81.96817111968994,128,0.05,4357.168755339691,0.8615999817848206,0.40672069396972654,5.520201206207275
37,0.8747999668121338,<class 'model.Wide_ResNet'>,<class 'torch.nn.modules.loss.CrossEntropyLoss'>,<class 'torch.optim.sgd.SGD'>,,cuda:0,,128,200,128,1024,1,8,,16,4,0.3,10,0.1,0.9,True,0.0005,"<Client: 'inproc://172.31.40.124/2177/1' processes=1 threads=4, memory=16.48 GB>",14858,1901824,14858,39,38,1,82.03909587860107,128,0.05,4385.934930615127,0.8747999668121338,0.378463134765625,5.517507076263428
38,0.8427000045776367,<class 'model.Wide_ResNet'>,<class 'torch.nn.modules.loss.CrossEntropyLoss'>,<class 'torch.optim.sgd.SGD'>,,cuda:0,,128,200,128,1024,1,8,,16,4,0.3,10,0.1,0.9,True,0.0005,"<Client: 'inproc://172.31.40.124/2177/1' processes=1 threads=4, memory=16.48 GB>",15249,1951872,15249,40,39,1,83.0753870010376,128,0.05,4420.923405768466,0.8427000045776367,0.45746668395996093,5.432570695877075
39,0.8562999963760376,<class 'model.Wide_ResNet'>,<class 'torch.nn.modules.loss.CrossEntropyLoss'>,<class 'torch.optim.sgd.SGD'>,,cuda:0,,128,200,128,1024,1,8,,16,4,0.3,10,0.1,0.9,True,0.0005,"<Client: 'inproc://172.31.40.124/2177/1' processes=1 threads=4, memory=16.48 GB>",15640,2001920,15640,41,40,1,82.02817511558533,128,0.05,4397.853804563638,0.8562999963760376,0.41897465515136717,5.403013229370117
40,0.8679999709129333,<class 'model.Wide_ResNet'>,<class 'torch.nn.modules.loss.CrossEntropyLoss'>,<class 'torch.optim.sgd.SGD'>,,cuda:0,,128,200,128,1024,1,8,,16,4,0.3,10,0.1,0.9,True,0.0005,"<Client: 'inproc://172.31.40.124/2177/1' processes=1 threads=4, memory=16.48 GB>",16031,2051968,16031,42,41,1,81.90465021133423,128,0.05,4405.165194412926,0.8679999709129333,0.39349192199707034,5.393033504486084
41,0.85589998960495,<class 'model.Wide_ResNet'>,<class 'torch.nn.modules.loss.CrossEntropyLoss'>,<class 'torch.optim.sgd.SGD'>,,cuda:0,,128,200,128,1024,1,8,,16,4,0.3,10,0.1,0.9,True,0.0005,"<Client: 'inproc://172.31.40.124/2177/1' processes=1 threads=4, memory=16.48 GB>",16422,2102016,16422,43,42,1,81.93485379219055,128,0.05,4425.785980313434,0.85589998960495,0.4204313690185547,5.488235950469971
42,0.8671999573707581,<class 'model.Wide_ResNet'>,<class 'torch.nn.modules.loss.CrossEntropyLoss'>,<class 'torch.optim.sgd.SGD'>,,cuda:0,,128,200,128,1024,1,8,,16,4,0.3,10,0.1,0.9,True,0.0005,"<Client: 'inproc://172.31.40.124/2177/1' processes=1 threads=4, memory=16.48 GB>",16813,2152064,16813,44,43,1,83.00006937980652,128,0.05,4365.300950332836,0.8671999573707581,0.3943121795654297,5.370014905929565
43,0.8702999949455261,<class 'model.Wide_ResNet'>,<class 'torch.nn.modules.loss.CrossEntropyLoss'>,<class 'torch.optim.sgd.SGD'>,,cuda:0,,128,200,128,1024,1,8,,16,4,0.3,10,0.1,0.9,True,0.0005,"<Client: 'inproc://172.31.40.124/2177/1' processes=1 threads=4, memory=16.48 GB>",17204,2202112,17204,45,44,1,81.93489456176758,128,0.05,4385.116153577459,0.8702999949455261,0.38907340087890624,5.42548942565918
44,0.8553999662399292,<class 'model.Wide_ResNet'>,<class 'torch.nn.modules.loss.CrossEntropyLoss'>,<class 'torch.optim.sgd.SGD'>,,cuda:0,,128,200,128,1024,1,8,,16,4,0.3,10,0.1,0.9,True,0.0005,"<Client: 'inproc://172.31.40.124/2177/1' processes=1 threads=4, memory=16.48 GB>",17595,2252160,17595,46,45,1,81.90143775939941,128,0.05,4410.056696900225,0.8553999662399292,0.44110180969238283,5.4487903118133545
45,0.8554999828338623,<class 'model.Wide_ResNet'>,<class 'torch.nn.modules.loss.CrossEntropyLoss'>,<class 'torch.optim.sgd.SGD'>,,cuda:0,,128,200,128,1024,1,8,,16,4,0.3,10,0.1,0.9,True,0.0005,"<Client: 'inproc://172.31.40.124/2177/1' processes=1 threads=4, memory=16.48 GB>",17986,2302208,17986,47,46,1,83.19001150131226,128,0.05,4380.453081348271,0.8554999828338623,0.43428707275390627,5.3670432567596436
46,0.8590999841690063,<class 'model.Wide_ResNet'>,<class 'torch.nn.modules.loss.CrossEntropyLoss'>,<class 'torch.optim.sgd.SGD'>,,cuda:0,,128,200,128,1024,1,8,,16,4,0.3,10,0.1,0.9,True,0.0005,"<Client: 'inproc://172.31.40.124/2177/1' processes=1 threads=4, memory=16.48 GB>",18377,2352256,18377,48,47,1,81.68603157997131,128,0.05,4367.943727157079,0.8590999841690063,0.42244422912597657,5.399174213409424
47,0.871399998664856,<class 'model.Wide_ResNet'>,<class 'torch.nn.modules.loss.CrossEntropyLoss'>,<class 'torch.optim.sgd.SGD'>,,cuda:0,,128,200,128,1024,1,8,,16,4,0.3,10,0.1,0.9,True,0.0005,"<Client: 'inproc://172.31.40.124/2177/1' processes=1 threads=4, memory=16.48 GB>",18768,2402304,18768,49,48,1,81.95721673965454,128,0.05,4401.909106109466,0.871399998664856,0.392090234375,5.4822986125946045
48,0.849399983882904,<class 'model.Wide_ResNet'>,<class 'torch.nn.modules.loss.CrossEntropyLoss'>,<class 'torch.optim.sgd.SGD'>,,cuda:0,,128,200,128,1024,1,8,,16,4,0.3,10,0.1,0.9,True,0.0005,"<Client: 'inproc://172.31.40.124/2177/1' processes=1 threads=4, memory=16.48 GB>",19159,2452352,19159,50,49,1,82.08562874794006,128,0.05,4368.077763076988,0.849399983882904,0.4515304992675781,5.399806261062622
49,0.8624999523162842,<class 'model.Wide_ResNet'>,<class 'torch.nn.modules.loss.CrossEntropyLoss'>,<class 'torch.optim.sgd.SGD'>,,cuda:0,,128,200,128,1024,1,8,,16,4,0.3,10,0.1,0.9,True,0.0005,"<Client: 'inproc://172.31.40.124/2177/1' processes=1 threads=4, memory=16.48 GB>",19550,2502400,19550,51,50,1,83.06722235679626,128,0.05,4341.510169898422,0.8624999523162842,0.4131860961914062,5.428553342819214
50,0.8588999509811401,<class 'model.Wide_ResNet'>,<class 'torch.nn.modules.loss.CrossEntropyLoss'>,<class 'torch.optim.sgd.SGD'>,,cuda:0,,128,200,128,1024,1,8,,16,4,0.3,10,0.1,0.9,True,0.0005,"<Client: 'inproc://172.31.40.124/2177/1' processes=1 threads=4, memory=16.48 GB>",19941,2552448,19941,52,51,1,81.81145715713501,128,0.05,4375.785194940894,0.8588999509811401,0.4187234527587891,5.393364667892456
51,0.8615999817848206,<class 'model.Wide_ResNet'>,<class 'torch.nn.modules.loss.CrossEntropyLoss'>,<class 'torch.optim.sgd.SGD'>,,cuda:0,,128,200,128,1024,1,8,,16,4,0.3,10,0.1,0.9,True,0.0005,"<Client: 'inproc://172.31.40.124/2177/1' processes=1 threads=4, memory=16.48 GB>",20332,2602496,20332,53,52,1,81.95818614959717,128,0.05,4406.599423572567,0.8615999817848206,0.41316774291992187,5.492424726486206
52,0.8643999695777893,<class 'model.Wide_ResNet'>,<class 'torch.nn.modules.loss.CrossEntropyLoss'>,<class 'torch.optim.sgd.SGD'>,,cuda:0,,128,200,128,1024,1,8,,16,4,0.3,10,0.1,0.9,True,0.0005,"<Client: 'inproc://172.31.40.124/2177/1' processes=1 threads=4, memory=16.48 GB>",20723,2652544,20723,54,53,1,83.10791683197021,128,0.05,4341.813184248196,0.8643999695777893,0.4075353271484375,5.422442674636841
53,0.8610000014305115,<class 'model.Wide_ResNet'>,<class 'torch.nn.modules.loss.CrossEntropyLoss'>,<class 'torch.optim.sgd.SGD'>,,cuda:0,,128,200,128,1024,1,8,,16,4,0.3,10,0.1,0.9,True,0.0005,"<Client: 'inproc://172.31.40.124/2177/1' processes=1 threads=4, memory=16.48 GB>",21114,2702592,21114,55,54,1,81.78390097618103,128,0.05,4351.653486217809,0.8610000014305115,0.42378898315429686,5.440889835357666
54,0.8536999821662903,<class 'model.Wide_ResNet'>,<class 'torch.nn.modules.loss.CrossEntropyLoss'>,<class 'torch.optim.sgd.SGD'>,,cuda:0,,128,200,128,1024,1,8,,16,4,0.3,10,0.1,0.9,True,0.0005,"<Client: 'inproc://172.31.40.124/2177/1' processes=1 threads=4, memory=16.48 GB>",21505,2752640,21505,56,55,1,82.0202624797821,128,0.05,4319.277604890754,0.8536999821662903,0.43501338806152345,5.478017330169678
55,0.8579999804496765,<class 'model.Wide_ResNet'>,<class 'torch.nn.modules.loss.CrossEntropyLoss'>,<class 'torch.optim.sgd.SGD'>,,cuda:0,,128,200,128,1024,1,8,,16,4,0.3,10,0.1,0.9,True,0.0005,"<Client: 'inproc://172.31.40.124/2177/1' processes=1 threads=4, memory=16.48 GB>",21896,2802688,21896,57,56,1,82.02430057525635,128,0.05,4347.899474124599,0.8579999804496765,0.4323469451904297,5.419910430908203
56,0.8661999702453613,<class 'model.Wide_ResNet'>,<class 'torch.nn.modules.loss.CrossEntropyLoss'>,<class 'torch.optim.sgd.SGD'>,,cuda:0,,128,200,128,1024,1,8,,16,4,0.3,10,0.1,0.9,True,0.0005,"<Client: 'inproc://172.31.40.124/2177/1' processes=1 threads=4, memory=16.48 GB>",22287,2852736,22287,58,57,1,83.2266616821289,128,0.05,4350.795736617147,0.8661999702453613,0.4112797088623047,5.433441877365112
57,0.864799976348877,<class 'model.Wide_ResNet'>,<class 'torch.nn.modules.loss.CrossEntropyLoss'>,<class 'torch.optim.sgd.SGD'>,,cuda:0,,128,200,128,1024,1,8,,16,4,0.3,10,0.1,0.9,True,0.0005,"<Client: 'inproc://172.31.40.124/2177/1' processes=1 threads=4, memory=16.48 GB>",22678,2902784,22678,59,58,1,81.79644799232483,128,0.05,4325.405278072081,0.864799976348877,0.4078637268066406,5.384641647338867
58,0.8667999505996704,<class 'model.Wide_ResNet'>,<class 'torch.nn.modules.loss.CrossEntropyLoss'>,<class 'torch.optim.sgd.SGD'>,,cuda:0,,128,200,128,1024,1,8,,16,4,0.3,10,0.1,0.9,True,0.0005,"<Client: 'inproc://172.31.40.124/2177/1' processes=1 threads=4, memory=16.48 GB>",23069,2952832,23069,60,59,1,82.10130786895752,128,0.05,4338.7146079815575,0.8667999505996704,0.40093860473632814,5.475391864776611
59,0.8585999608039856,<class 'model.Wide_ResNet'>,<class 'torch.nn.modules.loss.CrossEntropyLoss'>,<class 'torch.optim.sgd.SGD'>,,cuda:0,,128,200,128,1024,1,8,,16,4,0.3,10,0.1,0.9,True,0.0005,"<Client: 'inproc://172.31.40.124/2177/1' processes=1 threads=4, memory=16.48 GB>",23460,3002880,23460,61,60,1,81.8032021522522,128,0.05,4334.52985610094,0.8585999608039856,0.42717005615234377,5.437750339508057
60,0.899399995803833,<class 'model.Wide_ResNet'>,<class 'torch.nn.modules.loss.CrossEntropyLoss'>,<class 'torch.optim.sgd.SGD'>,,cuda:0,,128,200,640,1024,1,8,,16,4,0.3,10,0.1,0.9,True,0.0005,"<Client: 'inproc://172.31.40.124/2177/1' processes=1 threads=4, memory=16.48 GB>",23539,3053440,23539,63,61,5,83.6163957118988,640,0.05,4342.520012421912,0.899399995803833,0.30052722930908204,5.373539924621582
61,0.9059999585151672,<class 'model.Wide_ResNet'>,<class 'torch.nn.modules.loss.CrossEntropyLoss'>,<class 'torch.optim.sgd.SGD'>,,cuda:0,,128,200,640,1024,1,8,,16,4,0.3,10,0.1,0.9,True,0.0005,"<Client: 'inproc://172.31.40.124/2177/1' processes=1 threads=4, memory=16.48 GB>",23618,3104000,23618,64,62,5,82.2446837425232,640,0.05,4338.118173355499,0.9059999585151672,0.28805911560058595,5.352431058883667
62,0.9023999571800232,<class 'model.Wide_ResNet'>,<class 'torch.nn.modules.loss.CrossEntropyLoss'>,<class 'torch.optim.sgd.SGD'>,,cuda:0,,128,200,640,1024,1,8,,16,4,0.3,10,0.1,0.9,True,0.0005,"<Client: 'inproc://172.31.40.124/2177/1' processes=1 threads=4, memory=16.48 GB>",23697,3154560,23697,65,63,5,82.74203205108643,640,0.05,4340.255643351484,0.9023999571800232,0.2959256805419922,5.404308319091797
63,0.9053999781608582,<class 'model.Wide_ResNet'>,<class 'torch.nn.modules.loss.CrossEntropyLoss'>,<class 'torch.optim.sgd.SGD'>,,cuda:0,,128,200,640,1024,1,8,,16,4,0.3,10,0.1,0.9,True,0.0005,"<Client: 'inproc://172.31.40.124/2177/1' processes=1 threads=4, memory=16.48 GB>",23776,3205120,23776,66,64,5,81.74098324775696,640,0.05,4319.325041381642,0.9053999781608582,0.2941205780029297,5.409204959869385
64,0.9077999591827393,<class 'model.Wide_ResNet'>,<class 'torch.nn.modules.loss.CrossEntropyLoss'>,<class 'torch.optim.sgd.SGD'>,,cuda:0,,128,200,640,1024,1,8,,16,4,0.3,10,0.1,0.9,True,0.0005,"<Client: 'inproc://172.31.40.124/2177/1' processes=1 threads=4, memory=16.48 GB>",23855,3255680,23855,67,65,5,83.65124320983887,640,0.05,4305.142975062801,0.9077999591827393,0.281619792175293,5.327579498291016
65,0.9030999541282654,<class 'model.Wide_ResNet'>,<class 'torch.nn.modules.loss.CrossEntropyLoss'>,<class 'torch.optim.sgd.SGD'>,,cuda:0,,128,200,640,1024,1,8,,16,4,0.3,10,0.1,0.9,True,0.0005,"<Client: 'inproc://172.31.40.124/2177/1' processes=1 threads=4, memory=16.48 GB>",23934,3306240,23934,68,66,5,81.6067259311676,640,0.05,4296.335547951225,0.9030999541282654,0.3027394287109375,5.333706378936768
66,0.910099983215332,<class 'model.Wide_ResNet'>,<class 'torch.nn.modules.loss.CrossEntropyLoss'>,<class 'torch.optim.sgd.SGD'>,,cuda:0,,128,200,640,1024,1,8,,16,4,0.3,10,0.1,0.9,True,0.0005,"<Client: 'inproc://172.31.40.124/2177/1' processes=1 threads=4, memory=16.48 GB>",24013,3356800,24013,69,67,5,83.20063328742981,640,0.05,4280.247587854916,0.910099983215332,0.28158504943847656,5.272202491760254
67,0.9121999740600586,<class 'model.Wide_ResNet'>,<class 'torch.nn.modules.loss.CrossEntropyLoss'>,<class 'torch.optim.sgd.SGD'>,,cuda:0,,128,200,640,1024,1,8,,16,4,0.3,10,0.1,0.9,True,0.0005,"<Client: 'inproc://172.31.40.124/2177/1' processes=1 threads=4, memory=16.48 GB>",24092,3407360,24092,70,68,5,82.07355117797852,640,0.05,4250.901607481574,0.9121999740600586,0.272406689453125,5.407280445098877
68,0.9052000045776367,<class 'model.Wide_ResNet'>,<class 'torch.nn.modules.loss.CrossEntropyLoss'>,<class 'torch.optim.sgd.SGD'>,,cuda:0,,128,200,640,1024,1,8,,16,4,0.3,10,0.1,0.9,True,0.0005,"<Client: 'inproc://172.31.40.124/2177/1' processes=1 threads=4, memory=16.48 GB>",24171,3457920,24171,71,69,5,83.51423716545105,640,0.05,4232.464720711476,0.9052000045776367,0.30751904296875,5.308592081069946
69,0.9070999622344971,<class 'model.Wide_ResNet'>,<class 'torch.nn.modules.loss.CrossEntropyLoss'>,<class 'torch.optim.sgd.SGD'>,,cuda:0,,128,200,640,1024,1,8,,16,4,0.3,10,0.1,0.9,True,0.0005,"<Client: 'inproc://172.31.40.124/2177/1' processes=1 threads=4, memory=16.48 GB>",24250,3508480,24250,72,70,5,82.4950258731842,640,0.05,4201.839916998739,0.9070999622344971,0.2986133026123047,5.414748430252075
70,0.9060999751091003,<class 'model.Wide_ResNet'>,<class 'torch.nn.modules.loss.CrossEntropyLoss'>,<class 'torch.optim.sgd.SGD'>,,cuda:0,,128,200,640,1024,1,8,,16,4,0.3,10,0.1,0.9,True,0.0005,"<Client: 'inproc://172.31.40.124/2177/1' processes=1 threads=4, memory=16.48 GB>",24329,3559040,24329,73,71,5,82.4865734577179,640,0.05,4174.255876547511,0.9060999751091003,0.3000646499633789,5.285790920257568
71,0.9045999646186829,<class 'model.Wide_ResNet'>,<class 'torch.nn.modules.loss.CrossEntropyLoss'>,<class 'torch.optim.sgd.SGD'>,,cuda:0,,128,200,640,1024,1,8,,16,4,0.3,10,0.1,0.9,True,0.0005,"<Client: 'inproc://172.31.40.124/2177/1' processes=1 threads=4, memory=16.48 GB>",24408,3609600,24408,74,72,5,82.14387130737305,640,0.05,4129.027002234885,0.9045999646186829,0.29912264404296873,5.286789894104004
72,0.9013999700546265,<class 'model.Wide_ResNet'>,<class 'torch.nn.modules.loss.CrossEntropyLoss'>,<class 'torch.optim.sgd.SGD'>,,cuda:0,,128,200,640,1024,1,8,,16,4,0.3,10,0.1,0.9,True,0.0005,"<Client: 'inproc://172.31.40.124/2177/1' processes=1 threads=4, memory=16.48 GB>",24487,3660160,24487,75,73,5,82.86456441879272,640,0.05,4099.856482557283,0.9013999700546265,0.3164897216796875,5.301277160644531
73,0.9044999480247498,<class 'model.Wide_ResNet'>,<class 'torch.nn.modules.loss.CrossEntropyLoss'>,<class 'torch.optim.sgd.SGD'>,,cuda:0,,128,200,640,1024,1,8,,16,4,0.3,10,0.1,0.9,True,0.0005,"<Client: 'inproc://172.31.40.124/2177/1' processes=1 threads=4, memory=16.48 GB>",24566,3710720,24566,76,74,5,81.81811046600342,640,0.05,4070.854736181762,0.9044999480247498,0.3022381637573242,5.2907397747039795
74,0.9016000032424927,<class 'model.Wide_ResNet'>,<class 'torch.nn.modules.loss.CrossEntropyLoss'>,<class 'torch.optim.sgd.SGD'>,,cuda:0,,128,200,640,1024,1,8,,16,4,0.3,10,0.1,0.9,True,0.0005,"<Client: 'inproc://172.31.40.124/2177/1' processes=1 threads=4, memory=16.48 GB>",24645,3761280,24645,77,75,5,81.73535537719727,640,0.05,4045.2637402780674,0.9016000032424927,0.31024364929199216,5.364633083343506
75,0.9097999930381775,<class 'model.Wide_ResNet'>,<class 'torch.nn.modules.loss.CrossEntropyLoss'>,<class 'torch.optim.sgd.SGD'>,,cuda:0,,128,200,640,1024,1,8,,16,4,0.3,10,0.1,0.9,True,0.0005,"<Client: 'inproc://172.31.40.124/2177/1' processes=1 threads=4, memory=16.48 GB>",24724,3811840,24724,78,76,5,83.13945007324219,640,0.05,3980.3066989411163,0.9097999930381775,0.29279329528808595,5.439631223678589
76,0.9017999768257141,<class 'model.Wide_ResNet'>,<class 'torch.nn.modules.loss.CrossEntropyLoss'>,<class 'torch.optim.sgd.SGD'>,,cuda:0,,128,200,640,1024,1,8,,16,4,0.3,10,0.1,0.9,True,0.0005,"<Client: 'inproc://172.31.40.124/2177/1' processes=1 threads=4, memory=16.48 GB>",24803,3862400,24803,79,77,5,81.31253862380981,640,0.05,3942.4595698539924,0.9017999768257141,0.3162727478027344,5.289348125457764
77,0.8985999822616577,<class 'model.Wide_ResNet'>,<class 'torch.nn.modules.loss.CrossEntropyLoss'>,<class 'torch.optim.sgd.SGD'>,,cuda:0,,128,200,640,1024,1,8,,16,4,0.3,10,0.1,0.9,True,0.0005,"<Client: 'inproc://172.31.40.124/2177/1' processes=1 threads=4, memory=16.48 GB>",24882,3912960,24882,80,78,5,83.41269493103027,640,0.05,3906.1042928232346,0.8985999822616577,0.3183682037353516,5.294886589050293
78,0.8991000056266785,<class 'model.Wide_ResNet'>,<class 'torch.nn.modules.loss.CrossEntropyLoss'>,<class 'torch.optim.sgd.SGD'>,,cuda:0,,128,200,640,1024,1,8,,16,4,0.3,10,0.1,0.9,True,0.0005,"<Client: 'inproc://172.31.40.124/2177/1' processes=1 threads=4, memory=16.48 GB>",24961,3963520,24961,81,79,5,81.74044966697693,640,0.05,3868.5438141716004,0.8991000056266785,0.31728200988769534,5.323935270309448
79,0.9020999670028687,<class 'model.Wide_ResNet'>,<class 'torch.nn.modules.loss.CrossEntropyLoss'>,<class 'torch.optim.sgd.SGD'>,,cuda:0,,128,200,640,1024,1,8,,16,4,0.3,10,0.1,0.9,True,0.0005,"<Client: 'inproc://172.31.40.124/2177/1' processes=1 threads=4, memory=16.48 GB>",25040,4014080,25040,82,80,5,82.70379590988159,640,0.05,3835.2539872856796,0.9020999670028687,0.30429117126464844,5.348738670349121
80,0.894599974155426,<class 'model.Wide_ResNet'>,<class 'torch.nn.modules.loss.CrossEntropyLoss'>,<class 'torch.optim.sgd.SGD'>,,cuda:0,,128,200,640,1024,1,8,,16,4,0.3,10,0.1,0.9,True,0.0005,"<Client: 'inproc://172.31.40.124/2177/1' processes=1 threads=4, memory=16.48 GB>",25119,4064640,25119,83,81,5,81.44795060157776,640,0.05,3809.59668808242,0.894599974155426,0.3395062194824219,5.27824592590332
81,0.9018999934196472,<class 'model.Wide_ResNet'>,<class 'torch.nn.modules.loss.CrossEntropyLoss'>,<class 'torch.optim.sgd.SGD'>,,cuda:0,,128,200,640,1024,1,8,,16,4,0.3,10,0.1,0.9,True,0.0005,"<Client: 'inproc://172.31.40.124/2177/1' processes=1 threads=4, memory=16.48 GB>",25198,4115200,25198,84,82,5,82.89115786552429,640,0.05,3794.60732201831,0.9018999934196472,0.3214668670654297,5.284620046615601
82,0.8995999693870544,<class 'model.Wide_ResNet'>,<class 'torch.nn.modules.loss.CrossEntropyLoss'>,<class 'torch.optim.sgd.SGD'>,,cuda:0,,128,200,640,1024,1,8,,16,4,0.3,10,0.1,0.9,True,0.0005,"<Client: 'inproc://172.31.40.124/2177/1' processes=1 threads=4, memory=16.48 GB>",25277,4165760,25277,85,83,5,81.089759349823,640,0.05,3761.220108681453,0.8995999693870544,0.32295708618164065,5.360772371292114
83,0.8907999992370605,<class 'model.Wide_ResNet'>,<class 'torch.nn.modules.loss.CrossEntropyLoss'>,<class 'torch.optim.sgd.SGD'>,,cuda:0,,128,200,640,1024,1,8,,16,4,0.3,10,0.1,0.9,True,0.0005,"<Client: 'inproc://172.31.40.124/2177/1' processes=1 threads=4, memory=16.48 GB>",25356,4216320,25356,86,84,5,82.40555119514465,640,0.05,3750.2296754488416,0.8907999992370605,0.34461825561523435,5.378865003585815
84,0.9053999781608582,<class 'model.Wide_ResNet'>,<class 'torch.nn.modules.loss.CrossEntropyLoss'>,<class 'torch.optim.sgd.SGD'>,,cuda:0,,128,200,640,1024,1,8,,16,4,0.3,10,0.1,0.9,True,0.0005,"<Client: 'inproc://172.31.40.124/2177/1' processes=1 threads=4, memory=16.48 GB>",25435,4266880,25435,87,85,5,81.88851761817932,640,0.05,3716.237079437735,0.9053999781608582,0.30330264892578124,5.370030164718628
85,0.9016000032424927,<class 'model.Wide_ResNet'>,<class 'torch.nn.modules.loss.CrossEntropyLoss'>,<class 'torch.optim.sgd.SGD'>,,cuda:0,,128,200,640,1024,1,8,,16,4,0.3,10,0.1,0.9,True,0.0005,"<Client: 'inproc://172.31.40.124/2177/1' processes=1 threads=4, memory=16.48 GB>",25514,4317440,25514,88,86,5,81.4398021697998,640,0.05,3659.196435633945,0.9016000032424927,0.30591372985839843,5.292364597320557
86,0.9024999737739563,<class 'model.Wide_ResNet'>,<class 'torch.nn.modules.loss.CrossEntropyLoss'>,<class 'torch.optim.sgd.SGD'>,,cuda:0,,128,200,640,1024,1,8,,16,4,0.3,10,0.1,0.9,True,0.0005,"<Client: 'inproc://172.31.40.124/2177/1' processes=1 threads=4, memory=16.48 GB>",25593,4368000,25593,89,87,5,83.29493951797485,640,0.05,3632.0124853194648,0.9024999737739563,0.328173583984375,5.28326416015625
87,0.9102999567985535,<class 'model.Wide_ResNet'>,<class 'torch.nn.modules.loss.CrossEntropyLoss'>,<class 'torch.optim.sgd.SGD'>,,cuda:0,,128,200,640,1024,1,8,,16,4,0.3,10,0.1,0.9,True,0.0005,"<Client: 'inproc://172.31.40.124/2177/1' processes=1 threads=4, memory=16.48 GB>",25672,4418560,25672,90,88,5,82.0720591545105,640,0.05,3629.3899496352824,0.9102999567985535,0.29908030090332033,5.279031991958618
88,0.9042999744415283,<class 'model.Wide_ResNet'>,<class 'torch.nn.modules.loss.CrossEntropyLoss'>,<class 'torch.optim.sgd.SGD'>,,cuda:0,,128,200,640,1024,1,8,,16,4,0.3,10,0.1,0.9,True,0.0005,"<Client: 'inproc://172.31.40.124/2177/1' processes=1 threads=4, memory=16.48 GB>",25751,4469120,25751,91,89,5,83.14535355567932,640,0.05,3614.025135522228,0.9042999744415283,0.30416344604492185,5.30940055847168
89,0.9021999835968018,<class 'model.Wide_ResNet'>,<class 'torch.nn.modules.loss.CrossEntropyLoss'>,<class 'torch.optim.sgd.SGD'>,,cuda:0,,128,200,640,1024,1,8,,16,4,0.3,10,0.1,0.9,True,0.0005,"<Client: 'inproc://172.31.40.124/2177/1' processes=1 threads=4, memory=16.48 GB>",25830,4519680,25830,92,90,5,81.65396070480347,640,0.05,3621.3390379836273,0.9021999835968018,0.3100926483154297,5.2795257568359375
90,0.8976999521255493,<class 'model.Wide_ResNet'>,<class 'torch.nn.modules.loss.CrossEntropyLoss'>,<class 'torch.optim.sgd.SGD'>,,cuda:0,,128,200,640,1024,1,8,,16,4,0.3,10,0.1,0.9,True,0.0005,"<Client: 'inproc://172.31.40.124/2177/1' processes=1 threads=4, memory=16.48 GB>",25909,4570240,25909,93,91,5,82.81936717033386,640,0.05,3556.011723313888,0.8976999521255493,0.32320762939453124,5.288254737854004
91,0.9054999947547913,<class 'model.Wide_ResNet'>,<class 'torch.nn.modules.loss.CrossEntropyLoss'>,<class 'torch.optim.sgd.SGD'>,,cuda:0,,128,200,640,1024,1,8,,16,4,0.3,10,0.1,0.9,True,0.0005,"<Client: 'inproc://172.31.40.124/2177/1' processes=1 threads=4, memory=16.48 GB>",25988,4620800,25988,94,92,5,81.55262756347656,640,0.05,3568.0286022492437,0.9054999947547913,0.3103569641113281,5.316032409667969
92,0.8964999914169312,<class 'model.Wide_ResNet'>,<class 'torch.nn.modules.loss.CrossEntropyLoss'>,<class 'torch.optim.sgd.SGD'>,,cuda:0,,128,200,640,1024,1,8,,16,4,0.3,10,0.1,0.9,True,0.0005,"<Client: 'inproc://172.31.40.124/2177/1' processes=1 threads=4, memory=16.48 GB>",26067,4671360,26067,95,93,5,82.69955396652222,640,0.05,3530.281246446648,0.8964999914169312,0.3167477783203125,5.388235569000244
93,0.8994999527931213,<class 'model.Wide_ResNet'>,<class 'torch.nn.modules.loss.CrossEntropyLoss'>,<class 'torch.optim.sgd.SGD'>,,cuda:0,,128,200,640,1024,1,8,,16,4,0.3,10,0.1,0.9,True,0.0005,"<Client: 'inproc://172.31.40.124/2177/1' processes=1 threads=4, memory=16.48 GB>",26146,4721920,26146,96,94,5,81.80087304115295,640,0.05,3524.960159160808,0.8994999527931213,0.3189703857421875,5.283604860305786
94,0.8988999724388123,<class 'model.Wide_ResNet'>,<class 'torch.nn.modules.loss.CrossEntropyLoss'>,<class 'torch.optim.sgd.SGD'>,,cuda:0,,128,200,640,1024,1,8,,16,4,0.3,10,0.1,0.9,True,0.0005,"<Client: 'inproc://172.31.40.124/2177/1' processes=1 threads=4, memory=16.48 GB>",26225,4772480,26225,97,95,5,81.82484889030457,640,0.05,3493.04822952253,0.8988999724388123,0.3269507232666016,5.286505937576294
95,0.9048999547958374,<class 'model.Wide_ResNet'>,<class 'torch.nn.modules.loss.CrossEntropyLoss'>,<class 'torch.optim.sgd.SGD'>,,cuda:0,,128,200,640,1024,1,8,,16,4,0.3,10,0.1,0.9,True,0.0005,"<Client: 'inproc://172.31.40.124/2177/1' processes=1 threads=4, memory=16.48 GB>",26304,4823040,26304,98,96,5,82.34053635597229,640,0.05,3487.9679759907667,0.9048999547958374,0.31936759033203127,5.298509836196899
96,0.8995999693870544,<class 'model.Wide_ResNet'>,<class 'torch.nn.modules.loss.CrossEntropyLoss'>,<class 'torch.optim.sgd.SGD'>,,cuda:0,,128,200,640,1024,1,8,,16,4,0.3,10,0.1,0.9,True,0.0005,"<Client: 'inproc://172.31.40.124/2177/1' processes=1 threads=4, memory=16.48 GB>",26383,4873600,26383,99,97,5,81.24767780303955,640,0.05,3487.930943132167,0.8995999693870544,0.3172618194580078,5.312178134918213
97,0.8962999582290649,<class 'model.Wide_ResNet'>,<class 'torch.nn.modules.loss.CrossEntropyLoss'>,<class 'torch.optim.sgd.SGD'>,,cuda:0,,128,200,640,1024,1,8,,16,4,0.3,10,0.1,0.9,True,0.0005,"<Client: 'inproc://172.31.40.124/2177/1' processes=1 threads=4, memory=16.48 GB>",26462,4924160,26462,100,98,5,82.68387031555176,640,0.05,3454.4371449703176,0.8962999582290649,0.33624757690429685,5.303046464920044
98,0.9041000008583069,<class 'model.Wide_ResNet'>,<class 'torch.nn.modules.loss.CrossEntropyLoss'>,<class 'torch.optim.sgd.SGD'>,,cuda:0,,128,200,640,1024,1,8,,16,4,0.3,10,0.1,0.9,True,0.0005,"<Client: 'inproc://172.31.40.124/2177/1' processes=1 threads=4, memory=16.48 GB>",26541,4974720,26541,101,99,5,81.0734646320343,640,0.05,3471.1810565098713,0.9041000008583069,0.3149538330078125,5.360554933547974
99,0.895799994468689,<class 'model.Wide_ResNet'>,<class 'torch.nn.modules.loss.CrossEntropyLoss'>,<class 'torch.optim.sgd.SGD'>,,cuda:0,,128,200,640,1024,1,8,,16,4,0.3,10,0.1,0.9,True,0.0005,"<Client: 'inproc://172.31.40.124/2177/1' processes=1 threads=4, memory=16.48 GB>",26620,5025280,26620,102,100,5,82.27616286277771,640,0.05,3471.4379937171543,0.895799994468689,0.332174560546875,5.279968738555908
100,0.899399995803833,<class 'model.Wide_ResNet'>,<class 'torch.nn.modules.loss.CrossEntropyLoss'>,<class 'torch.optim.sgd.SGD'>,,cuda:0,,128,200,640,1024,1,8,,16,4,0.3,10,0.1,0.9,True,0.0005,"<Client: 'inproc://172.31.40.124/2177/1' processes=1 threads=4, memory=16.48 GB>",26699,5075840,26699,103,101,5,82.06760859489441,640,0.05,3427.8629764819707,0.899399995803833,0.31930198669433596,5.293990612030029
101,0.902999997138977,<class 'model.Wide_ResNet'>,<class 'torch.nn.modules.loss.CrossEntropyLoss'>,<class 'torch.optim.sgd.SGD'>,,cuda:0,,128,200,640,1024,1,8,,16,4,0.3,10,0.1,0.9,True,0.0005,"<Client: 'inproc://172.31.40.124/2177/1' processes=1 threads=4, memory=16.48 GB>",26778,5126400,26778,104,102,5,81.6391658782959,640,0.05,3432.008079758656,0.902999997138977,0.31743991088867185,5.367764711380005
102,0.8998000025749207,<class 'model.Wide_ResNet'>,<class 'torch.nn.modules.loss.CrossEntropyLoss'>,<class 'torch.optim.sgd.SGD'>,,cuda:0,,128,200,640,1024,1,8,,16,4,0.3,10,0.1,0.9,True,0.0005,"<Client: 'inproc://172.31.40.124/2177/1' processes=1 threads=4, memory=16.48 GB>",26857,5176960,26857,105,103,5,82.63210773468018,640,0.05,3395.2793146749245,0.8998000025749207,0.3278681365966797,5.30145525932312
103,0.9004999995231628,<class 'model.Wide_ResNet'>,<class 'torch.nn.modules.loss.CrossEntropyLoss'>,<class 'torch.optim.sgd.SGD'>,,cuda:0,,128,200,640,1024,1,8,,16,4,0.3,10,0.1,0.9,True,0.0005,"<Client: 'inproc://172.31.40.124/2177/1' processes=1 threads=4, memory=16.48 GB>",26936,5227520,26936,106,104,5,81.34752655029297,640,0.05,3410.4703887216456,0.9004999995231628,0.3175202911376953,5.276137113571167
104,0.9070000052452087,<class 'model.Wide_ResNet'>,<class 'torch.nn.modules.loss.CrossEntropyLoss'>,<class 'torch.optim.sgd.SGD'>,,cuda:0,,128,200,640,1024,1,8,,16,4,0.3,10,0.1,0.9,True,0.0005,"<Client: 'inproc://172.31.40.124/2177/1' processes=1 threads=4, memory=16.48 GB>",27015,5278080,27015,107,105,5,82.58379006385803,640,0.05,3388.573226029417,0.9070000052452087,0.29912896728515626,5.3341169357299805
105,0.8924999833106995,<class 'model.Wide_ResNet'>,<class 'torch.nn.modules.loss.CrossEntropyLoss'>,<class 'torch.optim.sgd.SGD'>,,cuda:0,,128,200,640,1024,1,8,,16,4,0.3,10,0.1,0.9,True,0.0005,"<Client: 'inproc://172.31.40.124/2177/1' processes=1 threads=4, memory=16.48 GB>",27094,5328640,27094,108,106,5,81.33790135383606,640,0.05,3404.450983842995,0.8924999833106995,0.353769873046875,5.295929193496704
106,0.898099958896637,<class 'model.Wide_ResNet'>,<class 'torch.nn.modules.loss.CrossEntropyLoss'>,<class 'torch.optim.sgd.SGD'>,,cuda:0,,128,200,640,1024,1,8,,16,4,0.3,10,0.1,0.9,True,0.0005,"<Client: 'inproc://172.31.40.124/2177/1' processes=1 threads=4, memory=16.48 GB>",27173,5379200,27173,109,107,5,82.79781603813171,640,0.05,3383.5136458472844,0.898099958896637,0.3379644683837891,5.267635107040405
107,0.8995999693870544,<class 'model.Wide_ResNet'>,<class 'torch.nn.modules.loss.CrossEntropyLoss'>,<class 'torch.optim.sgd.SGD'>,,cuda:0,,128,200,640,1024,1,8,,16,4,0.3,10,0.1,0.9,True,0.0005,"<Client: 'inproc://172.31.40.124/2177/1' processes=1 threads=4, memory=16.48 GB>",27252,5429760,27252,110,108,5,81.44099569320679,640,0.05,3394.136527924791,0.8995999693870544,0.3239324462890625,5.287917852401733
108,0.8991999626159668,<class 'model.Wide_ResNet'>,<class 'torch.nn.modules.loss.CrossEntropyLoss'>,<class 'torch.optim.sgd.SGD'>,,cuda:0,,128,200,640,1024,1,8,,16,4,0.3,10,0.1,0.9,True,0.0005,"<Client: 'inproc://172.31.40.124/2177/1' processes=1 threads=4, memory=16.48 GB>",27331,5480320,27331,111,109,5,82.23680591583252,640,0.05,3406.11587248632,0.8991999626159668,0.3190952545166016,5.274793386459351
109,0.9049999713897705,<class 'model.Wide_ResNet'>,<class 'torch.nn.modules.loss.CrossEntropyLoss'>,<class 'torch.optim.sgd.SGD'>,,cuda:0,,128,200,640,1024,1,8,,16,4,0.3,10,0.1,0.9,True,0.0005,"<Client: 'inproc://172.31.40.124/2177/1' processes=1 threads=4, memory=16.48 GB>",27410,5530880,27410,112,110,5,81.64527177810669,640,0.05,3407.8523106682187,0.9049999713897705,0.30748423461914065,5.385986804962158
110,0.9047999978065491,<class 'model.Wide_ResNet'>,<class 'torch.nn.modules.loss.CrossEntropyLoss'>,<class 'torch.optim.sgd.SGD'>,,cuda:0,,128,200,640,1024,1,8,,16,4,0.3,10,0.1,0.9,True,0.0005,"<Client: 'inproc://172.31.40.124/2177/1' processes=1 threads=4, memory=16.48 GB>",27489,5581440,27489,113,111,5,81.20401191711426,640,0.05,3415.7833048106986,0.9047999978065491,0.30273190612792966,5.363160610198975
111,0.901199996471405,<class 'model.Wide_ResNet'>,<class 'torch.nn.modules.loss.CrossEntropyLoss'>,<class 'torch.optim.sgd.SGD'>,,cuda:0,,128,200,640,1024,1,8,,16,4,0.3,10,0.1,0.9,True,0.0005,"<Client: 'inproc://172.31.40.124/2177/1' processes=1 threads=4, memory=16.48 GB>",27568,5632000,27568,114,112,5,82.57154154777527,640,0.05,3418.5552930312406,0.901199996471405,0.3137348175048828,5.2840259075164795
112,0.899899959564209,<class 'model.Wide_ResNet'>,<class 'torch.nn.modules.loss.CrossEntropyLoss'>,<class 'torch.optim.sgd.SGD'>,,cuda:0,,128,200,640,1024,1,8,,16,4,0.3,10,0.1,0.9,True,0.0005,"<Client: 'inproc://172.31.40.124/2177/1' processes=1 threads=4, memory=16.48 GB>",27647,5682560,27647,115,113,5,80.98271012306213,640,0.05,3389.8809061669817,0.899899959564209,0.3202777374267578,5.272262334823608
113,0.8974999785423279,<class 'model.Wide_ResNet'>,<class 'torch.nn.modules.loss.CrossEntropyLoss'>,<class 'torch.optim.sgd.SGD'>,,cuda:0,,128,200,640,1024,1,8,,16,4,0.3,10,0.1,0.9,True,0.0005,"<Client: 'inproc://172.31.40.124/2177/1' processes=1 threads=4, memory=16.48 GB>",27726,5733120,27726,116,114,5,82.82912683486938,640,0.05,3400.507474269427,0.8974999785423279,0.33084966735839844,5.320123195648193
114,0.9063999652862549,<class 'model.Wide_ResNet'>,<class 'torch.nn.modules.loss.CrossEntropyLoss'>,<class 'torch.optim.sgd.SGD'>,,cuda:0,,128,200,640,1024,1,8,,16,4,0.3,10,0.1,0.9,True,0.0005,"<Client: 'inproc://172.31.40.124/2177/1' processes=1 threads=4, memory=16.48 GB>",27805,5783680,27805,117,115,5,81.0058856010437,640,0.05,3394.235232736817,0.9063999652862549,0.2983105972290039,5.288065195083618
115,0.8823999762535095,<class 'model.Wide_ResNet'>,<class 'torch.nn.modules.loss.CrossEntropyLoss'>,<class 'torch.optim.sgd.SGD'>,,cuda:0,,128,200,640,1024,1,8,,16,4,0.3,10,0.1,0.9,True,0.0005,"<Client: 'inproc://172.31.40.124/2177/1' processes=1 threads=4, memory=16.48 GB>",27884,5834240,27884,118,116,5,82.82042527198792,640,0.05,3385.211982537512,0.8823999762535095,0.38035125732421876,5.312667369842529
116,0.8974999785423279,<class 'model.Wide_ResNet'>,<class 'torch.nn.modules.loss.CrossEntropyLoss'>,<class 'torch.optim.sgd.SGD'>,,cuda:0,,128,200,640,1024,1,8,,16,4,0.3,10,0.1,0.9,True,0.0005,"<Client: 'inproc://172.31.40.124/2177/1' processes=1 threads=4, memory=16.48 GB>",27963,5884800,27963,119,117,5,81.84739327430725,640,0.05,3378.8927613936867,0.8974999785423279,0.336738720703125,5.289593458175659
117,0.8946999907493591,<class 'model.Wide_ResNet'>,<class 'torch.nn.modules.loss.CrossEntropyLoss'>,<class 'torch.optim.sgd.SGD'>,,cuda:0,,128,200,640,1024,1,8,,16,4,0.3,10,0.1,0.9,True,0.0005,"<Client: 'inproc://172.31.40.124/2177/1' processes=1 threads=4, memory=16.48 GB>",28042,5935360,28042,120,118,5,81.7860631942749,640,0.05,3356.7307640561776,0.8946999907493591,0.32427291870117186,5.293001174926758
118,0.9063999652862549,<class 'model.Wide_ResNet'>,<class 'torch.nn.modules.loss.CrossEntropyLoss'>,<class 'torch.optim.sgd.SGD'>,,cuda:0,,128,200,640,1024,1,8,,16,4,0.3,10,0.1,0.9,True,0.0005,"<Client: 'inproc://172.31.40.124/2177/1' processes=1 threads=4, memory=16.48 GB>",28121,5985920,28121,121,119,5,82.4857177734375,640,0.05,3362.5358345886016,0.9063999652862549,0.30571423950195314,5.269945383071899
119,0.8980000019073486,<class 'model.Wide_ResNet'>,<class 'torch.nn.modules.loss.CrossEntropyLoss'>,<class 'torch.optim.sgd.SGD'>,,cuda:0,,128,200,640,1024,1,8,,16,4,0.3,10,0.1,0.9,True,0.0005,"<Client: 'inproc://172.31.40.124/2177/1' processes=1 threads=4, memory=16.48 GB>",28200,6036480,28200,122,120,5,81.74981999397278,640,0.05,3344.4232073945823,0.8980000019073486,0.3310660583496094,5.286354064941406
120,0.9140999913215637,<class 'model.Wide_ResNet'>,<class 'torch.nn.modules.loss.CrossEntropyLoss'>,<class 'torch.optim.sgd.SGD'>,,cuda:0,,128,200,3200,1024,1,8,,16,4,0.3,10,0.1,0.9,True,0.0005,"<Client: 'inproc://172.31.40.124/2177/1' processes=1 threads=4, memory=16.48 GB>",28216,6087680,28216,124,121,25,73.3651909828186,3200,0.05,3349.4124337397807,0.9140999913215637,0.28007086334228515,5.290991306304932
121,0.9178999662399292,<class 'model.Wide_ResNet'>,<class 'torch.nn.modules.loss.CrossEntropyLoss'>,<class 'torch.optim.sgd.SGD'>,,cuda:0,,128,200,3200,1024,1,8,,16,4,0.3,10,0.1,0.9,True,0.0005,"<Client: 'inproc://172.31.40.124/2177/1' processes=1 threads=4, memory=16.48 GB>",28232,6138880,28232,125,122,25,77.7764139175415,3200,0.05,3353.409764599721,0.9178999662399292,0.2699010223388672,5.270421981811523
122,0.9192000031471252,<class 'model.Wide_ResNet'>,<class 'torch.nn.modules.loss.CrossEntropyLoss'>,<class 'torch.optim.sgd.SGD'>,,cuda:0,,128,200,3200,1024,1,8,,16,4,0.3,10,0.1,0.9,True,0.0005,"<Client: 'inproc://172.31.40.124/2177/1' processes=1 threads=4, memory=16.48 GB>",28248,6190080,28248,126,123,25,77.45665311813354,3200,0.05,3359.1197030750627,0.9192000031471252,0.27374586639404297,5.363595485687256
123,0.920199990272522,<class 'model.Wide_ResNet'>,<class 'torch.nn.modules.loss.CrossEntropyLoss'>,<class 'torch.optim.sgd.SGD'>,,cuda:0,,128,200,3200,1024,1,8,,16,4,0.3,10,0.1,0.9,True,0.0005,"<Client: 'inproc://172.31.40.124/2177/1' processes=1 threads=4, memory=16.48 GB>",28264,6241280,28264,127,124,25,75.08295226097107,3200,0.05,3362.9832805638434,0.920199990272522,0.2640073959350586,6.641382694244385
124,0.9193999767303467,<class 'model.Wide_ResNet'>,<class 'torch.nn.modules.loss.CrossEntropyLoss'>,<class 'torch.optim.sgd.SGD'>,,cuda:0,,128,200,3200,1024,1,8,,16,4,0.3,10,0.1,0.9,True,0.0005,"<Client: 'inproc://172.31.40.124/2177/1' processes=1 threads=4, memory=16.48 GB>",28280,6292480,28280,128,125,25,74.35426235198975,3200,0.05,3362.565353940103,0.9193999767303467,0.26066642608642576,5.471847295761108
125,0.9228999614715576,<class 'model.Wide_ResNet'>,<class 'torch.nn.modules.loss.CrossEntropyLoss'>,<class 'torch.optim.sgd.SGD'>,,cuda:0,,128,200,3200,1024,1,8,,16,4,0.3,10,0.1,0.9,True,0.0005,"<Client: 'inproc://172.31.40.124/2177/1' processes=1 threads=4, memory=16.48 GB>",28296,6343680,28296,129,126,25,77.3223991394043,3200,0.05,3359.205376285023,0.9228999614715576,0.2542824966430664,5.341896295547485
126,0.9204999804496765,<class 'model.Wide_ResNet'>,<class 'torch.nn.modules.loss.CrossEntropyLoss'>,<class 'torch.optim.sgd.SGD'>,,cuda:0,,128,200,3200,1024,1,8,,16,4,0.3,10,0.1,0.9,True,0.0005,"<Client: 'inproc://172.31.40.124/2177/1' processes=1 threads=4, memory=16.48 GB>",28312,6394880,28312,130,127,25,73.96569728851318,3200,0.05,3359.7198879407297,0.9204999804496765,0.2698981689453125,5.450362205505371
127,0.9182999730110168,<class 'model.Wide_ResNet'>,<class 'torch.nn.modules.loss.CrossEntropyLoss'>,<class 'torch.optim.sgd.SGD'>,,cuda:0,,128,200,3200,1024,1,8,,16,4,0.3,10,0.1,0.9,True,0.0005,"<Client: 'inproc://172.31.40.124/2177/1' processes=1 threads=4, memory=16.48 GB>",28328,6446080,28328,131,128,25,81.14522814750671,3200,0.05,3356.459172232786,0.9182999730110168,0.26663272857666015,5.399339437484741
128,0.9232999682426453,<class 'model.Wide_ResNet'>,<class 'torch.nn.modules.loss.CrossEntropyLoss'>,<class 'torch.optim.sgd.SGD'>,,cuda:0,,128,200,3200,1024,1,8,,16,4,0.3,10,0.1,0.9,True,0.0005,"<Client: 'inproc://172.31.40.124/2177/1' processes=1 threads=4, memory=16.48 GB>",28344,6497280,28344,132,129,25,76.91263103485107,3200,0.05,3351.8190899068213,0.9232999682426453,0.26733268432617185,5.389111280441284
129,0.9232999682426453,<class 'model.Wide_ResNet'>,<class 'torch.nn.modules.loss.CrossEntropyLoss'>,<class 'torch.optim.sgd.SGD'>,,cuda:0,,128,200,3200,1024,1,8,,16,4,0.3,10,0.1,0.9,True,0.0005,"<Client: 'inproc://172.31.40.124/2177/1' processes=1 threads=4, memory=16.48 GB>",28360,6548480,28360,133,130,25,75.23954153060913,3200,0.05,3348.7597160774712,0.9232999682426453,0.2604669174194336,5.419685125350952
130,0.9253999590873718,<class 'model.Wide_ResNet'>,<class 'torch.nn.modules.loss.CrossEntropyLoss'>,<class 'torch.optim.sgd.SGD'>,,cuda:0,,128,200,3200,1024,1,8,,16,4,0.3,10,0.1,0.9,True,0.0005,"<Client: 'inproc://172.31.40.124/2177/1' processes=1 threads=4, memory=16.48 GB>",28376,6599680,28376,134,131,25,77.01156377792358,3200,0.05,3345.0260712367926,0.9253999590873718,0.25564117279052734,5.385052680969238
131,0.9200999736785889,<class 'model.Wide_ResNet'>,<class 'torch.nn.modules.loss.CrossEntropyLoss'>,<class 'torch.optim.sgd.SGD'>,,cuda:0,,128,200,3200,1024,1,8,,16,4,0.3,10,0.1,0.9,True,0.0005,"<Client: 'inproc://172.31.40.124/2177/1' processes=1 threads=4, memory=16.48 GB>",28392,6650880,28392,135,132,25,75.67055153846741,3200,0.05,3338.7919799482406,0.9200999736785889,0.26792486877441407,5.478763580322266
132,0.9228999614715576,<class 'model.Wide_ResNet'>,<class 'torch.nn.modules.loss.CrossEntropyLoss'>,<class 'torch.optim.sgd.SGD'>,,cuda:0,,128,200,3200,1024,1,8,,16,4,0.3,10,0.1,0.9,True,0.0005,"<Client: 'inproc://172.31.40.124/2177/1' processes=1 threads=4, memory=16.48 GB>",28408,6702080,28408,136,133,25,81.24435377120972,3200,0.05,3334.9618176453805,0.9228999614715576,0.2619914779663086,5.374014377593994
133,0.9228000044822693,<class 'model.Wide_ResNet'>,<class 'torch.nn.modules.loss.CrossEntropyLoss'>,<class 'torch.optim.sgd.SGD'>,,cuda:0,,128,200,3200,1024,1,8,,16,4,0.3,10,0.1,0.9,True,0.0005,"<Client: 'inproc://172.31.40.124/2177/1' processes=1 threads=4, memory=16.48 GB>",28424,6753280,28424,137,134,25,75.32882833480835,3200,0.05,3332.524678491067,0.9228000044822693,0.2604315200805664,5.448101758956909
134,0.9218999743461609,<class 'model.Wide_ResNet'>,<class 'torch.nn.modules.loss.CrossEntropyLoss'>,<class 'torch.optim.sgd.SGD'>,,cuda:0,,128,200,3200,1024,1,8,,16,4,0.3,10,0.1,0.9,True,0.0005,"<Client: 'inproc://172.31.40.124/2177/1' processes=1 threads=4, memory=16.48 GB>",28440,6804480,28440,138,135,25,74.04292798042297,3200,0.05,3325.85862760702,0.9218999743461609,0.2654478759765625,5.411078929901123
135,0.9231999516487122,<class 'model.Wide_ResNet'>,<class 'torch.nn.modules.loss.CrossEntropyLoss'>,<class 'torch.optim.sgd.SGD'>,,cuda:0,,128,200,3200,1024,1,8,,16,4,0.3,10,0.1,0.9,True,0.0005,"<Client: 'inproc://172.31.40.124/2177/1' processes=1 threads=4, memory=16.48 GB>",28456,6855680,28456,139,136,25,75.04490661621094,3200,0.05,3321.1480699534623,0.9231999516487122,0.26370624084472655,5.441702365875244
136,0.920199990272522,<class 'model.Wide_ResNet'>,<class 'torch.nn.modules.loss.CrossEntropyLoss'>,<class 'torch.optim.sgd.SGD'>,,cuda:0,,128,200,3200,1024,1,8,,16,4,0.3,10,0.1,0.9,True,0.0005,"<Client: 'inproc://172.31.40.124/2177/1' processes=1 threads=4, memory=16.48 GB>",28472,6906880,28472,140,137,25,74.05199766159058,3200,0.05,3314.8977149835628,0.920199990272522,0.2696221649169922,5.422482252120972
137,0.9221999645233154,<class 'model.Wide_ResNet'>,<class 'torch.nn.modules.loss.CrossEntropyLoss'>,<class 'torch.optim.sgd.SGD'>,,cuda:0,,128,200,3200,1024,1,8,,16,4,0.3,10,0.1,0.9,True,0.0005,"<Client: 'inproc://172.31.40.124/2177/1' processes=1 threads=4, memory=16.48 GB>",28488,6958080,28488,141,138,25,75.02162909507751,3200,0.05,3310.368131074447,0.9221999645233154,0.2592257080078125,5.450282573699951
138,0.9199000000953674,<class 'model.Wide_ResNet'>,<class 'torch.nn.modules.loss.CrossEntropyLoss'>,<class 'torch.optim.sgd.SGD'>,,cuda:0,,128,200,3200,1024,1,8,,16,4,0.3,10,0.1,0.9,True,0.0005,"<Client: 'inproc://172.31.40.124/2177/1' processes=1 threads=4, memory=16.48 GB>",28504,7009280,28504,142,139,25,76.11062407493591,3200,0.05,3302.472289873258,0.9199000000953674,0.26999501800537107,5.381160736083984
139,0.9181999564170837,<class 'model.Wide_ResNet'>,<class 'torch.nn.modules.loss.CrossEntropyLoss'>,<class 'torch.optim.sgd.SGD'>,,cuda:0,,128,200,3200,1024,1,8,,16,4,0.3,10,0.1,0.9,True,0.0005,"<Client: 'inproc://172.31.40.124/2177/1' processes=1 threads=4, memory=16.48 GB>",28520,7060480,28520,143,140,25,78.48208451271057,3200,0.05,3294.90728385498,0.9181999564170837,0.28054501953125,5.426912784576416
140,0.9182999730110168,<class 'model.Wide_ResNet'>,<class 'torch.nn.modules.loss.CrossEntropyLoss'>,<class 'torch.optim.sgd.SGD'>,,cuda:0,,128,200,3200,1024,1,8,,16,4,0.3,10,0.1,0.9,True,0.0005,"<Client: 'inproc://172.31.40.124/2177/1' processes=1 threads=4, memory=16.48 GB>",28536,7111680,28536,144,141,25,73.4199697971344,3200,0.05,3288.1627140496203,0.9182999730110168,0.2773471664428711,5.439895391464233
141,0.9215999841690063,<class 'model.Wide_ResNet'>,<class 'torch.nn.modules.loss.CrossEntropyLoss'>,<class 'torch.optim.sgd.SGD'>,,cuda:0,,128,200,3200,1024,1,8,,16,4,0.3,10,0.1,0.9,True,0.0005,"<Client: 'inproc://172.31.40.124/2177/1' processes=1 threads=4, memory=16.48 GB>",28552,7162880,28552,145,142,25,77.81510996818542,3200,0.05,3281.5830426727225,0.9215999841690063,0.2728022644042969,5.486877679824829
142,0.9193999767303467,<class 'model.Wide_ResNet'>,<class 'torch.nn.modules.loss.CrossEntropyLoss'>,<class 'torch.optim.sgd.SGD'>,,cuda:0,,128,200,3200,1024,1,8,,16,4,0.3,10,0.1,0.9,True,0.0005,"<Client: 'inproc://172.31.40.124/2177/1' processes=1 threads=4, memory=16.48 GB>",28568,7214080,28568,146,143,25,72.32714605331421,3200,0.05,3274.972899502136,0.9193999767303467,0.2708476959228516,5.472371816635132
143,0.9203999638557434,<class 'model.Wide_ResNet'>,<class 'torch.nn.modules.loss.CrossEntropyLoss'>,<class 'torch.optim.sgd.SGD'>,,cuda:0,,128,200,3200,1024,1,8,,16,4,0.3,10,0.1,0.9,True,0.0005,"<Client: 'inproc://172.31.40.124/2177/1' processes=1 threads=4, memory=16.48 GB>",28584,7265280,28584,147,144,25,78.16807579994202,3200,0.05,3272.008407245128,0.9203999638557434,0.2706505935668945,5.4097676277160645
144,0.918999969959259,<class 'model.Wide_ResNet'>,<class 'torch.nn.modules.loss.CrossEntropyLoss'>,<class 'torch.optim.sgd.SGD'>,,cuda:0,,128,200,3200,1024,1,8,,16,4,0.3,10,0.1,0.9,True,0.0005,"<Client: 'inproc://172.31.40.124/2177/1' processes=1 threads=4, memory=16.48 GB>",28600,7316480,28600,148,145,25,76.15157842636108,3200,0.05,3264.3512324881194,0.918999969959259,0.2721108764648438,5.478304862976074
145,0.920699954032898,<class 'model.Wide_ResNet'>,<class 'torch.nn.modules.loss.CrossEntropyLoss'>,<class 'torch.optim.sgd.SGD'>,,cuda:0,,128,200,3200,1024,1,8,,16,4,0.3,10,0.1,0.9,True,0.0005,"<Client: 'inproc://172.31.40.124/2177/1' processes=1 threads=4, memory=16.48 GB>",28616,7367680,28616,149,146,25,78.23378205299377,3200,0.05,3255.0156266112353,0.920699954032898,0.27912594299316407,5.379015922546387
146,0.920199990272522,<class 'model.Wide_ResNet'>,<class 'torch.nn.modules.loss.CrossEntropyLoss'>,<class 'torch.optim.sgd.SGD'>,,cuda:0,,128,200,3200,1024,1,8,,16,4,0.3,10,0.1,0.9,True,0.0005,"<Client: 'inproc://172.31.40.124/2177/1' processes=1 threads=4, memory=16.48 GB>",28632,7418880,28632,150,147,25,78.15019297599792,3200,0.05,3247.010708373593,0.920199990272522,0.2676654327392578,5.396418333053589
147,0.9212999939918518,<class 'model.Wide_ResNet'>,<class 'torch.nn.modules.loss.CrossEntropyLoss'>,<class 'torch.optim.sgd.SGD'>,,cuda:0,,128,200,3200,1024,1,8,,16,4,0.3,10,0.1,0.9,True,0.0005,"<Client: 'inproc://172.31.40.124/2177/1' processes=1 threads=4, memory=16.48 GB>",28648,7470080,28648,151,148,25,73.76214814186096,3200,0.05,3241.171513608999,0.9212999939918518,0.27260962982177733,5.437953233718872
148,0.9228000044822693,<class 'model.Wide_ResNet'>,<class 'torch.nn.modules.loss.CrossEntropyLoss'>,<class 'torch.optim.sgd.SGD'>,,cuda:0,,128,200,3200,1024,1,8,,16,4,0.3,10,0.1,0.9,True,0.0005,"<Client: 'inproc://172.31.40.124/2177/1' processes=1 threads=4, memory=16.48 GB>",28664,7521280,28664,152,149,25,78.55666089057922,3200,0.05,3235.511027889126,0.9228000044822693,0.2647975433349609,5.396809101104736
149,0.9197999835014343,<class 'model.Wide_ResNet'>,<class 'torch.nn.modules.loss.CrossEntropyLoss'>,<class 'torch.optim.sgd.SGD'>,,cuda:0,,128,200,3200,1024,1,8,,16,4,0.3,10,0.1,0.9,True,0.0005,"<Client: 'inproc://172.31.40.124/2177/1' processes=1 threads=4, memory=16.48 GB>",28680,7572480,28680,153,150,25,76.00541758537292,3200,0.05,3228.0341721091536,0.9197999835014343,0.2723914581298828,5.392263412475586
150,0.9229999780654907,<class 'model.Wide_ResNet'>,<class 'torch.nn.modules.loss.CrossEntropyLoss'>,<class 'torch.optim.sgd.SGD'>,,cuda:0,,128,200,3200,1024,1,8,,16,4,0.3,10,0.1,0.9,True,0.0005,"<Client: 'inproc://172.31.40.124/2177/1' processes=1 threads=4, memory=16.48 GB>",28696,7623680,28696,154,151,25,76.87623357772827,3200,0.05,3220.2687545499903,0.9229999780654907,0.2717310516357422,5.382274389266968
151,0.9232999682426453,<class 'model.Wide_ResNet'>,<class 'torch.nn.modules.loss.CrossEntropyLoss'>,<class 'torch.optim.sgd.SGD'>,,cuda:0,,128,200,3200,1024,1,8,,16,4,0.3,10,0.1,0.9,True,0.0005,"<Client: 'inproc://172.31.40.124/2177/1' processes=1 threads=4, memory=16.48 GB>",28712,7674880,28712,155,152,25,75.893239736557,3200,0.05,3211.6216602720997,0.9232999682426453,0.2659592514038086,5.425623655319214
152,0.9229999780654907,<class 'model.Wide_ResNet'>,<class 'torch.nn.modules.loss.CrossEntropyLoss'>,<class 'torch.optim.sgd.SGD'>,,cuda:0,,128,200,3200,1024,1,8,,16,4,0.3,10,0.1,0.9,True,0.0005,"<Client: 'inproc://172.31.40.124/2177/1' processes=1 threads=4, memory=16.48 GB>",28728,7726080,28728,156,153,25,78.56802821159363,3200,0.05,3205.143455746358,0.9229999780654907,0.26476744689941406,5.381848573684692
153,0.9197999835014343,<class 'model.Wide_ResNet'>,<class 'torch.nn.modules.loss.CrossEntropyLoss'>,<class 'torch.optim.sgd.SGD'>,,cuda:0,,128,200,3200,1024,1,8,,16,4,0.3,10,0.1,0.9,True,0.0005,"<Client: 'inproc://172.31.40.124/2177/1' processes=1 threads=4, memory=16.48 GB>",28744,7777280,28744,157,154,25,77.33045387268066,3200,0.05,3199.05366412671,0.9197999835014343,0.26939039611816407,5.380853176116943
154,0.9217999577522278,<class 'model.Wide_ResNet'>,<class 'torch.nn.modules.loss.CrossEntropyLoss'>,<class 'torch.optim.sgd.SGD'>,,cuda:0,,128,200,3200,1024,1,8,,16,4,0.3,10,0.1,0.9,True,0.0005,"<Client: 'inproc://172.31.40.124/2177/1' processes=1 threads=4, memory=16.48 GB>",28760,7828480,28760,158,155,25,80.77008748054504,3200,0.05,3189.6245681350883,0.9217999577522278,0.26586363830566406,5.415978193283081
155,0.9199999570846558,<class 'model.Wide_ResNet'>,<class 'torch.nn.modules.loss.CrossEntropyLoss'>,<class 'torch.optim.sgd.SGD'>,,cuda:0,,128,200,3200,1024,1,8,,16,4,0.3,10,0.1,0.9,True,0.0005,"<Client: 'inproc://172.31.40.124/2177/1' processes=1 threads=4, memory=16.48 GB>",28776,7879680,28776,159,156,25,74.72432899475098,3200,0.05,3183.0914240538987,0.9199999570846558,0.2709668609619141,5.379525184631348
156,0.9248999953269958,<class 'model.Wide_ResNet'>,<class 'torch.nn.modules.loss.CrossEntropyLoss'>,<class 'torch.optim.sgd.SGD'>,,cuda:0,,128,200,3200,1024,1,8,,16,4,0.3,10,0.1,0.9,True,0.0005,"<Client: 'inproc://172.31.40.124/2177/1' processes=1 threads=4, memory=16.48 GB>",28792,7930880,28792,160,157,25,79.37448072433472,3200,0.05,3177.1446900693845,0.9248999953269958,0.26866073303222654,5.376525640487671
157,0.9217000007629395,<class 'model.Wide_ResNet'>,<class 'torch.nn.modules.loss.CrossEntropyLoss'>,<class 'torch.optim.sgd.SGD'>,,cuda:0,,128,200,3200,1024,1,8,,16,4,0.3,10,0.1,0.9,True,0.0005,"<Client: 'inproc://172.31.40.124/2177/1' processes=1 threads=4, memory=16.48 GB>",28808,7982080,28808,161,158,25,76.21170735359192,3200,0.05,3168.6538000198416,0.9217000007629395,0.2732395553588867,5.365860462188721
158,0.923799991607666,<class 'model.Wide_ResNet'>,<class 'torch.nn.modules.loss.CrossEntropyLoss'>,<class 'torch.optim.sgd.SGD'>,,cuda:0,,128,200,3200,1024,1,8,,16,4,0.3,10,0.1,0.9,True,0.0005,"<Client: 'inproc://172.31.40.124/2177/1' processes=1 threads=4, memory=16.48 GB>",28824,8033280,28824,162,159,25,73.66437578201294,3200,0.05,3162.065017794481,0.923799991607666,0.2713013687133789,5.3907082080841064
159,0.9235999584197998,<class 'model.Wide_ResNet'>,<class 'torch.nn.modules.loss.CrossEntropyLoss'>,<class 'torch.optim.sgd.SGD'>,,cuda:0,,128,200,3200,1024,1,8,,16,4,0.3,10,0.1,0.9,True,0.0005,"<Client: 'inproc://172.31.40.124/2177/1' processes=1 threads=4, memory=16.48 GB>",28840,8084480,28840,163,160,25,78.36180710792542,3200,0.05,3155.290445622446,0.9235999584197998,0.2700919677734375,5.402615308761597
160,0.920699954032898,<class 'model.Wide_ResNet'>,<class 'torch.nn.modules.loss.CrossEntropyLoss'>,<class 'torch.optim.sgd.SGD'>,,cuda:0,,128,200,3200,1024,1,8,,16,4,0.3,10,0.1,0.9,True,0.0005,"<Client: 'inproc://172.31.40.124/2177/1' processes=1 threads=4, memory=16.48 GB>",28856,8135680,28856,164,161,25,79.25308537483215,3200,0.05,3148.6502719574455,0.920699954032898,0.2688711959838867,5.38837742805481
161,0.920199990272522,<class 'model.Wide_ResNet'>,<class 'torch.nn.modules.loss.CrossEntropyLoss'>,<class 'torch.optim.sgd.SGD'>,,cuda:0,,128,200,3200,1024,1,8,,16,4,0.3,10,0.1,0.9,True,0.0005,"<Client: 'inproc://172.31.40.124/2177/1' processes=1 threads=4, memory=16.48 GB>",28872,8186880,28872,165,162,25,74.29930758476257,3200,0.05,3142.57946230999,0.920199990272522,0.2757830551147461,5.379008531570435
162,0.9163999557495117,<class 'model.Wide_ResNet'>,<class 'torch.nn.modules.loss.CrossEntropyLoss'>,<class 'torch.optim.sgd.SGD'>,,cuda:0,,128,200,3200,1024,1,8,,16,4,0.3,10,0.1,0.9,True,0.0005,"<Client: 'inproc://172.31.40.124/2177/1' processes=1 threads=4, memory=16.48 GB>",28888,8238080,28888,166,163,25,75.89080023765564,3200,0.05,3134.351446677614,0.9163999557495117,0.2755924102783203,5.393399000167847
163,0.9202999472618103,<class 'model.Wide_ResNet'>,<class 'torch.nn.modules.loss.CrossEntropyLoss'>,<class 'torch.optim.sgd.SGD'>,,cuda:0,,128,200,3200,1024,1,8,,16,4,0.3,10,0.1,0.9,True,0.0005,"<Client: 'inproc://172.31.40.124/2177/1' processes=1 threads=4, memory=16.48 GB>",28904,8289280,28904,167,164,25,78.08701610565186,3200,0.05,3125.195984610793,0.9202999472618103,0.2758213623046875,5.376307010650635
164,0.9211999773979187,<class 'model.Wide_ResNet'>,<class 'torch.nn.modules.loss.CrossEntropyLoss'>,<class 'torch.optim.sgd.SGD'>,,cuda:0,,128,200,3200,1024,1,8,,16,4,0.3,10,0.1,0.9,True,0.0005,"<Client: 'inproc://172.31.40.124/2177/1' processes=1 threads=4, memory=16.48 GB>",28920,8340480,28920,168,165,25,74.25638961791992,3200,0.05,3117.191001525818,0.9211999773979187,0.26907059020996094,5.378894567489624
165,0.9212999939918518,<class 'model.Wide_ResNet'>,<class 'torch.nn.modules.loss.CrossEntropyLoss'>,<class 'torch.optim.sgd.SGD'>,,cuda:0,,128,200,3200,1024,1,8,,16,4,0.3,10,0.1,0.9,True,0.0005,"<Client: 'inproc://172.31.40.124/2177/1' processes=1 threads=4, memory=16.48 GB>",28936,8391680,28936,169,166,25,77.20745348930359,3200,0.05,3109.1746320891434,0.9212999939918518,0.2677773101806641,5.3860392570495605
166,0.9222999811172485,<class 'model.Wide_ResNet'>,<class 'torch.nn.modules.loss.CrossEntropyLoss'>,<class 'torch.optim.sgd.SGD'>,,cuda:0,,128,200,3200,1024,1,8,,16,4,0.3,10,0.1,0.9,True,0.0005,"<Client: 'inproc://172.31.40.124/2177/1' processes=1 threads=4, memory=16.48 GB>",28952,8442880,28952,170,167,25,77.27712488174438,3200,0.05,3102.314021000675,0.9222999811172485,0.2696917022705078,5.416996479034424
167,0.9233999848365784,<class 'model.Wide_ResNet'>,<class 'torch.nn.modules.loss.CrossEntropyLoss'>,<class 'torch.optim.sgd.SGD'>,,cuda:0,,128,200,3200,1024,1,8,,16,4,0.3,10,0.1,0.9,True,0.0005,"<Client: 'inproc://172.31.40.124/2177/1' processes=1 threads=4, memory=16.48 GB>",28968,8494080,28968,171,168,25,79.27216744422913,3200,0.05,3094.497291813823,0.9233999848365784,0.26342449951171876,5.375155448913574
168,0.9248999953269958,<class 'model.Wide_ResNet'>,<class 'torch.nn.modules.loss.CrossEntropyLoss'>,<class 'torch.optim.sgd.SGD'>,,cuda:0,,128,200,3200,1024,1,8,,16,4,0.3,10,0.1,0.9,True,0.0005,"<Client: 'inproc://172.31.40.124/2177/1' processes=1 threads=4, memory=16.48 GB>",28984,8545280,28984,172,169,25,76.88035869598389,3200,0.05,3087.6178517738153,0.9248999953269958,0.2617788360595703,5.475846290588379
169,0.9230999946594238,<class 'model.Wide_ResNet'>,<class 'torch.nn.modules.loss.CrossEntropyLoss'>,<class 'torch.optim.sgd.SGD'>,,cuda:0,,128,200,3200,1024,1,8,,16,4,0.3,10,0.1,0.9,True,0.0005,"<Client: 'inproc://172.31.40.124/2177/1' processes=1 threads=4, memory=16.48 GB>",29000,8596480,29000,173,170,25,78.09085035324097,3200,0.05,3080.283353003979,0.9230999946594238,0.27235307159423827,5.365259408950806
170,0.921999990940094,<class 'model.Wide_ResNet'>,<class 'torch.nn.modules.loss.CrossEntropyLoss'>,<class 'torch.optim.sgd.SGD'>,,cuda:0,,128,200,3200,1024,1,8,,16,4,0.3,10,0.1,0.9,True,0.0005,"<Client: 'inproc://172.31.40.124/2177/1' processes=1 threads=4, memory=16.48 GB>",29016,8647680,29016,174,171,25,77.46381187438965,3200,0.05,3070.994067886677,0.921999990940094,0.26662867584228517,5.365373849868774
171,0.918999969959259,<class 'model.Wide_ResNet'>,<class 'torch.nn.modules.loss.CrossEntropyLoss'>,<class 'torch.optim.sgd.SGD'>,,cuda:0,,128,200,3200,1024,1,8,,16,4,0.3,10,0.1,0.9,True,0.0005,"<Client: 'inproc://172.31.40.124/2177/1' processes=1 threads=4, memory=16.48 GB>",29032,8698880,29032,175,172,25,76.47161173820496,3200,0.05,3062.6736467269693,0.918999969959259,0.2791827224731445,5.40151572227478
172,0.9223999977111816,<class 'model.Wide_ResNet'>,<class 'torch.nn.modules.loss.CrossEntropyLoss'>,<class 'torch.optim.sgd.SGD'>,,cuda:0,,128,200,3200,1024,1,8,,16,4,0.3,10,0.1,0.9,True,0.0005,"<Client: 'inproc://172.31.40.124/2177/1' processes=1 threads=4, memory=16.48 GB>",29048,8750080,29048,176,173,25,77.10574960708618,3200,0.05,3053.998437779759,0.9223999977111816,0.2670762557983398,5.416346311569214
173,0.9199999570846558,<class 'model.Wide_ResNet'>,<class 'torch.nn.modules.loss.CrossEntropyLoss'>,<class 'torch.optim.sgd.SGD'>,,cuda:0,,128,200,3200,1024,1,8,,16,4,0.3,10,0.1,0.9,True,0.0005,"<Client: 'inproc://172.31.40.124/2177/1' processes=1 threads=4, memory=16.48 GB>",29064,8801280,29064,177,174,25,78.35153102874756,3200,0.05,3048.6724051161145,0.9199999570846558,0.2767679656982422,5.343680143356323
174,0.9211999773979187,<class 'model.Wide_ResNet'>,<class 'torch.nn.modules.loss.CrossEntropyLoss'>,<class 'torch.optim.sgd.SGD'>,,cuda:0,,128,200,3200,1024,1,8,,16,4,0.3,10,0.1,0.9,True,0.0005,"<Client: 'inproc://172.31.40.124/2177/1' processes=1 threads=4, memory=16.48 GB>",29080,8852480,29080,178,175,25,77.33588099479675,3200,0.05,3040.4305575942744,0.9211999773979187,0.27135276031494143,5.4226768016815186
175,0.9273999929428101,<class 'model.Wide_ResNet'>,<class 'torch.nn.modules.loss.CrossEntropyLoss'>,<class 'torch.optim.sgd.SGD'>,,cuda:0,,128,200,3200,1024,1,8,,16,4,0.3,10,0.1,0.9,True,0.0005,"<Client: 'inproc://172.31.40.124/2177/1' processes=1 threads=4, memory=16.48 GB>",29096,8903680,29096,179,176,25,76.82379579544067,3200,0.05,3033.2728095456623,0.9273999929428101,0.2694896682739258,5.408120155334473
176,0.9214999675750732,<class 'model.Wide_ResNet'>,<class 'torch.nn.modules.loss.CrossEntropyLoss'>,<class 'torch.optim.sgd.SGD'>,,cuda:0,,128,200,3200,1024,1,8,,16,4,0.3,10,0.1,0.9,True,0.0005,"<Client: 'inproc://172.31.40.124/2177/1' processes=1 threads=4, memory=16.48 GB>",29112,8954880,29112,180,177,25,76.44085788726807,3200,0.05,3026.3240668312137,0.9214999675750732,0.2717057418823242,5.43454909324646
177,0.9230999946594238,<class 'model.Wide_ResNet'>,<class 'torch.nn.modules.loss.CrossEntropyLoss'>,<class 'torch.optim.sgd.SGD'>,,cuda:0,,128,200,3200,1024,1,8,,16,4,0.3,10,0.1,0.9,True,0.0005,"<Client: 'inproc://172.31.40.124/2177/1' processes=1 threads=4, memory=16.48 GB>",29128,9006080,29128,181,178,25,75.12967038154602,3200,0.05,3018.7735463674835,0.9230999946594238,0.267034765625,5.456707954406738
178,0.9240999817848206,<class 'model.Wide_ResNet'>,<class 'torch.nn.modules.loss.CrossEntropyLoss'>,<class 'torch.optim.sgd.SGD'>,,cuda:0,,128,200,3200,1024,1,8,,16,4,0.3,10,0.1,0.9,True,0.0005,"<Client: 'inproc://172.31.40.124/2177/1' processes=1 threads=4, memory=16.48 GB>",29144,9057280,29144,182,179,25,76.81392073631287,3200,0.05,3010.9180755665293,0.9240999817848206,0.2651758346557617,5.384354829788208
179,0.9249999523162842,<class 'model.Wide_ResNet'>,<class 'torch.nn.modules.loss.CrossEntropyLoss'>,<class 'torch.optim.sgd.SGD'>,,cuda:0,,128,200,3200,1024,1,8,,16,4,0.3,10,0.1,0.9,True,0.0005,"<Client: 'inproc://172.31.40.124/2177/1' processes=1 threads=4, memory=16.48 GB>",29160,9108480,29160,183,180,25,77.78595209121704,3200,0.05,3004.4785922017836,0.9249999523162842,0.263155517578125,5.366300582885742
180,0.9248999953269958,<class 'model.Wide_ResNet'>,<class 'torch.nn.modules.loss.CrossEntropyLoss'>,<class 'torch.optim.sgd.SGD'>,,cuda:0,,128,200,3200,1024,1,8,,16,4,0.3,10,0.1,0.9,True,0.0005,"<Client: 'inproc://172.31.40.124/2177/1' processes=1 threads=4, memory=16.48 GB>",29176,9159680,29176,185,181,25,75.00532031059265,3200,0.01,3002.7895083660987,0.9248999953269958,0.2619623260498047,5.390479326248169
181,0.9256999492645264,<class 'model.Wide_ResNet'>,<class 'torch.nn.modules.loss.CrossEntropyLoss'>,<class 'torch.optim.sgd.SGD'>,,cuda:0,,128,200,3200,1024,1,8,,16,4,0.3,10,0.1,0.9,True,0.0005,"<Client: 'inproc://172.31.40.124/2177/1' processes=1 threads=4, memory=16.48 GB>",29192,9210880,29192,186,182,25,81.40571522712708,3200,0.01,3000.8670782954323,0.9256999492645264,0.25994879302978513,5.273178339004517
182,0.925599992275238,<class 'model.Wide_ResNet'>,<class 'torch.nn.modules.loss.CrossEntropyLoss'>,<class 'torch.optim.sgd.SGD'>,,cuda:0,,128,200,3200,1024,1,8,,16,4,0.3,10,0.1,0.9,True,0.0005,"<Client: 'inproc://172.31.40.124/2177/1' processes=1 threads=4, memory=16.48 GB>",29208,9262080,29208,187,183,25,75.59539294242859,3200,0.01,2999.432886847906,0.925599992275238,0.2599525115966797,5.3151726722717285
183,0.9241999983787537,<class 'model.Wide_ResNet'>,<class 'torch.nn.modules.loss.CrossEntropyLoss'>,<class 'torch.optim.sgd.SGD'>,,cuda:0,,128,200,3200,1024,1,8,,16,4,0.3,10,0.1,0.9,True,0.0005,"<Client: 'inproc://172.31.40.124/2177/1' processes=1 threads=4, memory=16.48 GB>",29224,9313280,29224,188,184,25,76.77630662918091,3200,0.01,2998.3190321750517,0.9241999983787537,0.2626752365112305,5.386066913604736
184,0.9248999953269958,<class 'model.Wide_ResNet'>,<class 'torch.nn.modules.loss.CrossEntropyLoss'>,<class 'torch.optim.sgd.SGD'>,,cuda:0,,128,200,3200,1024,1,8,,16,4,0.3,10,0.1,0.9,True,0.0005,"<Client: 'inproc://172.31.40.124/2177/1' processes=1 threads=4, memory=16.48 GB>",29240,9364480,29240,189,185,25,81.33832383155823,3200,0.01,2996.9196492413394,0.9248999953269958,0.2598311828613281,5.356924057006836
185,0.925599992275238,<class 'model.Wide_ResNet'>,<class 'torch.nn.modules.loss.CrossEntropyLoss'>,<class 'torch.optim.sgd.SGD'>,,cuda:0,,128,200,3200,1024,1,8,,16,4,0.3,10,0.1,0.9,True,0.0005,"<Client: 'inproc://172.31.40.124/2177/1' processes=1 threads=4, memory=16.48 GB>",29256,9415680,29256,190,186,25,72.38539528846741,3200,0.01,2995.452549980182,0.925599992275238,0.2603477310180664,5.3494791984558105
186,0.9229999780654907,<class 'model.Wide_ResNet'>,<class 'torch.nn.modules.loss.CrossEntropyLoss'>,<class 'torch.optim.sgd.SGD'>,,cuda:0,,128,200,3200,1024,1,8,,16,4,0.3,10,0.1,0.9,True,0.0005,"<Client: 'inproc://172.31.40.124/2177/1' processes=1 threads=4, memory=16.48 GB>",29272,9466880,29272,191,187,25,74.56318783760071,3200,0.01,2993.4912310089458,0.9229999780654907,0.2660154571533203,5.374084234237671
187,0.9228999614715576,<class 'model.Wide_ResNet'>,<class 'torch.nn.modules.loss.CrossEntropyLoss'>,<class 'torch.optim.sgd.SGD'>,,cuda:0,,128,200,3200,1024,1,8,,16,4,0.3,10,0.1,0.9,True,0.0005,"<Client: 'inproc://172.31.40.124/2177/1' processes=1 threads=4, memory=16.48 GB>",29288,9518080,29288,192,188,25,74.92975163459778,3200,0.01,2990.9194027713274,0.9228999614715576,0.26360292053222656,5.434449195861816
188,0.9253000020980835,<class 'model.Wide_ResNet'>,<class 'torch.nn.modules.loss.CrossEntropyLoss'>,<class 'torch.optim.sgd.SGD'>,,cuda:0,,128,200,3200,1024,1,8,,16,4,0.3,10,0.1,0.9,True,0.0005,"<Client: 'inproc://172.31.40.124/2177/1' processes=1 threads=4, memory=16.48 GB>",29304,9569280,29304,193,189,25,74.06901168823242,3200,0.01,2989.209028838759,0.9253000020980835,0.259757731628418,5.382825136184692
189,0.9230999946594238,<class 'model.Wide_ResNet'>,<class 'torch.nn.modules.loss.CrossEntropyLoss'>,<class 'torch.optim.sgd.SGD'>,,cuda:0,,128,200,3200,1024,1,8,,16,4,0.3,10,0.1,0.9,True,0.0005,"<Client: 'inproc://172.31.40.124/2177/1' processes=1 threads=4, memory=16.48 GB>",29320,9620480,29320,194,190,25,75.4980628490448,3200,0.01,2987.351142629621,0.9230999946594238,0.2655066436767578,5.387031555175781
190,0.9238999485969543,<class 'model.Wide_ResNet'>,<class 'torch.nn.modules.loss.CrossEntropyLoss'>,<class 'torch.optim.sgd.SGD'>,,cuda:0,,128,200,3200,1024,1,8,,16,4,0.3,10,0.1,0.9,True,0.0005,"<Client: 'inproc://172.31.40.124/2177/1' processes=1 threads=4, memory=16.48 GB>",29336,9671680,29336,195,191,25,76.09278059005737,3200,0.01,2985.9605165176545,0.9238999485969543,0.2617214889526367,5.386913061141968
191,0.9231999516487122,<class 'model.Wide_ResNet'>,<class 'torch.nn.modules.loss.CrossEntropyLoss'>,<class 'torch.optim.sgd.SGD'>,,cuda:0,,128,200,3200,1024,1,8,,16,4,0.3,10,0.1,0.9,True,0.0005,"<Client: 'inproc://172.31.40.124/2177/1' processes=1 threads=4, memory=16.48 GB>",29352,9722880,29352,196,192,25,77.57371020317078,3200,0.01,2984.6476960993314,0.9231999516487122,0.2622985809326172,5.367577075958252
192,0.9215999841690063,<class 'model.Wide_ResNet'>,<class 'torch.nn.modules.loss.CrossEntropyLoss'>,<class 'torch.optim.sgd.SGD'>,,cuda:0,,128,200,3200,1024,1,8,,16,4,0.3,10,0.1,0.9,True,0.0005,"<Client: 'inproc://172.31.40.124/2177/1' processes=1 threads=4, memory=16.48 GB>",29368,9774080,29368,197,193,25,77.77651953697205,3200,0.01,2983.508855934091,0.9215999841690063,0.26641060485839846,5.360558032989502
193,0.9236999750137329,<class 'model.Wide_ResNet'>,<class 'torch.nn.modules.loss.CrossEntropyLoss'>,<class 'torch.optim.sgd.SGD'>,,cuda:0,,128,200,3200,1024,1,8,,16,4,0.3,10,0.1,0.9,True,0.0005,"<Client: 'inproc://172.31.40.124/2177/1' processes=1 threads=4, memory=16.48 GB>",29384,9825280,29384,198,194,25,79.88518810272217,3200,0.01,2982.3518857163217,0.9236999750137329,0.2641229476928711,5.380183219909668
194,0.9239999651908875,<class 'model.Wide_ResNet'>,<class 'torch.nn.modules.loss.CrossEntropyLoss'>,<class 'torch.optim.sgd.SGD'>,,cuda:0,,128,200,3200,1024,1,8,,16,4,0.3,10,0.1,0.9,True,0.0005,"<Client: 'inproc://172.31.40.124/2177/1' processes=1 threads=4, memory=16.48 GB>",29400,9876480,29400,199,195,25,75.23207974433899,3200,0.01,2981.5255125496697,0.9239999651908875,0.26433264770507814,5.34912633895874
195,0.9235999584197998,<class 'model.Wide_ResNet'>,<class 'torch.nn.modules.loss.CrossEntropyLoss'>,<class 'torch.optim.sgd.SGD'>,,cuda:0,,128,200,3200,1024,1,8,,16,4,0.3,10,0.1,0.9,True,0.0005,"<Client: 'inproc://172.31.40.124/2177/1' processes=1 threads=4, memory=16.48 GB>",29416,9927680,29416,200,196,25,75.24620032310486,3200,0.01,2979.995130426949,0.9235999584197998,0.26553842010498047,5.460588693618774
196,0.921999990940094,<class 'model.Wide_ResNet'>,<class 'torch.nn.modules.loss.CrossEntropyLoss'>,<class 'torch.optim.sgd.SGD'>,,cuda:0,,128,200,3200,1024,1,8,,16,4,0.3,10,0.1,0.9,True,0.0005,"<Client: 'inproc://172.31.40.124/2177/1' processes=1 threads=4, memory=16.48 GB>",29432,9978880,29432,201,197,25,77.59528279304504,3200,0.01,2978.3285101804504,0.921999990940094,0.2628028289794922,5.4165425300598145
197,0.9235999584197998,<class 'model.Wide_ResNet'>,<class 'torch.nn.modules.loss.CrossEntropyLoss'>,<class 'torch.optim.sgd.SGD'>,,cuda:0,,128,200,3200,1024,1,8,,16,4,0.3,10,0.1,0.9,True,0.0005,"<Client: 'inproc://172.31.40.124/2177/1' processes=1 threads=4, memory=16.48 GB>",29448,10030080,29448,202,198,25,76.69563245773315,3200,0.01,2976.3647580734105,0.9235999584197998,0.26094567718505857,5.444701433181763
198,0.9254999756813049,<class 'model.Wide_ResNet'>,<class 'torch.nn.modules.loss.CrossEntropyLoss'>,<class 'torch.optim.sgd.SGD'>,,cuda:0,,128,200,3200,1024,1,8,,16,4,0.3,10,0.1,0.9,True,0.0005,"<Client: 'inproc://172.31.40.124/2177/1' processes=1 threads=4, memory=16.48 GB>",29464,10081280,29464,203,199,25,76.05035996437073,3200,0.01,2974.733699798435,0.9254999756813049,0.26308246002197266,5.383034706115723
199,0.925599992275238,<class 'model.Wide_ResNet'>,<class 'torch.nn.modules.loss.CrossEntropyLoss'>,<class 'torch.optim.sgd.SGD'>,,cuda:0,,128,200,3200,1024,1,8,,16,4,0.3,10,0.1,0.9,True,0.0005,"<Client: 'inproc://172.31.40.124/2177/1' processes=1 threads=4, memory=16.48 GB>",29480,10132480,29480,204,200,25,73.86314606666565,3200,0.01,2973.398383611042,0.925599992275238,0.2570215423583984,5.427579641342163
