epoch,score,module,loss,optimizer,metrics,device,cluster,grads_per_worker,max_epochs,lr,batch_size,max_batch_size,worker_max_batch_size,min_workers,max_workers,random_state,module__depth,module__widen_factor,module__dropout_rate,module__num_classes,optimizer__lr,optimizer__momentum,optimizer__nesterov,optimizer__weight_decay,client,score_time,deepcopy_time,grad_time_128,n_updates,n_data,score__calls,partial_fit__calls,n_workers,damping_,batch_size_,lr_,partial_fit__time,score__acc,score__loss,score__time
0,0.5943999886512756,<class 'model.Wide_ResNet'>,<class 'torch.nn.modules.loss.CrossEntropyLoss'>,<class 'torch.optim.sgd.SGD'>,,cuda:0,,128,200,0.05,128,99999999,1024,1,8,,16,4,0.3,10,0.05,0.9,True,0.0005,"<Client: 'inproc://172.31.40.124/8363/1' processes=1 threads=4, memory=16.48 GB>",0.0,0.000127488,0.07832,391,50048,1,1,1,128,128,0.05,39.52740287780762,0.5943999886512756,1.1201593505859375,0.0
1,0.6757999658584595,<class 'model.Wide_ResNet'>,<class 'torch.nn.modules.loss.CrossEntropyLoss'>,<class 'torch.optim.sgd.SGD'>,,cuda:0,,128,200,0.05,128,99999999,1024,1,8,,16,4,0.3,10,0.05,0.9,True,0.0005,"<Client: 'inproc://172.31.40.124/8363/1' processes=1 threads=4, memory=16.48 GB>",0.0,0.000127488,0.07832,782,100096,2,2,1,128,128,0.05,36.324726819992065,0.6757999658584595,0.9235643859863282,0.0
2,0.7128999829292297,<class 'model.Wide_ResNet'>,<class 'torch.nn.modules.loss.CrossEntropyLoss'>,<class 'torch.optim.sgd.SGD'>,,cuda:0,,128,200,0.05,128,99999999,1024,1,8,,16,4,0.3,10,0.05,0.9,True,0.0005,"<Client: 'inproc://172.31.40.124/8363/1' processes=1 threads=4, memory=16.48 GB>",0.0,0.000127488,0.07832,1173,150144,3,3,1,128,128,0.05,36.458006620407104,0.7128999829292297,0.8256766540527344,0.0
3,0.7423999905586243,<class 'model.Wide_ResNet'>,<class 'torch.nn.modules.loss.CrossEntropyLoss'>,<class 'torch.optim.sgd.SGD'>,,cuda:0,,128,200,0.05,128,99999999,1024,1,8,,16,4,0.3,10,0.05,0.9,True,0.0005,"<Client: 'inproc://172.31.40.124/8363/1' processes=1 threads=4, memory=16.48 GB>",0.0,0.000127488,0.07832,1564,200192,4,4,1,128,128,0.05,36.316726207733154,0.7423999905586243,0.7493460754394531,0.0
4,0.7707999944686891,<class 'model.Wide_ResNet'>,<class 'torch.nn.modules.loss.CrossEntropyLoss'>,<class 'torch.optim.sgd.SGD'>,,cuda:0,,128,200,0.05,128,99999999,1024,1,8,,16,4,0.3,10,0.05,0.9,True,0.0005,"<Client: 'inproc://172.31.40.124/8363/1' processes=1 threads=4, memory=16.48 GB>",0.0,0.000127488,0.07832,1955,250240,5,5,1,128,128,0.05,36.2957239151001,0.7707999944686891,0.6569894714355469,0.0
5,0.7875999808311462,<class 'model.Wide_ResNet'>,<class 'torch.nn.modules.loss.CrossEntropyLoss'>,<class 'torch.optim.sgd.SGD'>,,cuda:0,,128,200,0.05,128,99999999,1024,1,8,,16,4,0.3,10,0.05,0.9,True,0.0005,"<Client: 'inproc://172.31.40.124/8363/1' processes=1 threads=4, memory=16.48 GB>",0.0,0.000127488,0.07832,2346,300288,6,6,1,128,128,0.05,36.53800678253174,0.7875999808311462,0.6265168884277343,0.0
6,0.7892999649047852,<class 'model.Wide_ResNet'>,<class 'torch.nn.modules.loss.CrossEntropyLoss'>,<class 'torch.optim.sgd.SGD'>,,cuda:0,,128,200,0.05,128,99999999,1024,1,8,,16,4,0.3,10,0.05,0.9,True,0.0005,"<Client: 'inproc://172.31.40.124/8363/1' processes=1 threads=4, memory=16.48 GB>",0.0,0.000127488,0.07832,2737,350336,7,7,1,128,128,0.05,36.3843994140625,0.7892999649047852,0.6224059692382813,0.0
7,0.8071999549865723,<class 'model.Wide_ResNet'>,<class 'torch.nn.modules.loss.CrossEntropyLoss'>,<class 'torch.optim.sgd.SGD'>,,cuda:0,,128,200,0.05,128,99999999,1024,1,8,,16,4,0.3,10,0.05,0.9,True,0.0005,"<Client: 'inproc://172.31.40.124/8363/1' processes=1 threads=4, memory=16.48 GB>",0.0,0.000127488,0.07832,3128,400384,8,8,1,128,128,0.05,36.45288038253784,0.8071999549865723,0.5785087341308593,0.0
8,0.8120999932289124,<class 'model.Wide_ResNet'>,<class 'torch.nn.modules.loss.CrossEntropyLoss'>,<class 'torch.optim.sgd.SGD'>,,cuda:0,,128,200,0.05,128,99999999,1024,1,8,,16,4,0.3,10,0.05,0.9,True,0.0005,"<Client: 'inproc://172.31.40.124/8363/1' processes=1 threads=4, memory=16.48 GB>",0.0,0.000127488,0.07832,3519,450432,9,9,1,128,128,0.05,36.51972556114197,0.8120999932289124,0.5622809875488282,0.0
9,0.8226000070571899,<class 'model.Wide_ResNet'>,<class 'torch.nn.modules.loss.CrossEntropyLoss'>,<class 'torch.optim.sgd.SGD'>,,cuda:0,,128,200,0.05,128,99999999,1024,1,8,,16,4,0.3,10,0.05,0.9,True,0.0005,"<Client: 'inproc://172.31.40.124/8363/1' processes=1 threads=4, memory=16.48 GB>",0.0,0.000127488,0.07832,3910,500480,10,10,1,128,128,0.05,36.42187142372131,0.8226000070571899,0.5299200103759766,0.0
10,0.8353999853134155,<class 'model.Wide_ResNet'>,<class 'torch.nn.modules.loss.CrossEntropyLoss'>,<class 'torch.optim.sgd.SGD'>,,cuda:0,,128,200,0.05,128,99999999,1024,1,8,,16,4,0.3,10,0.05,0.9,True,0.0005,"<Client: 'inproc://172.31.40.124/8363/1' processes=1 threads=4, memory=16.48 GB>",0.0,0.000127488,0.07832,4301,550528,11,11,1,128,128,0.05,36.29724621772766,0.8353999853134155,0.4899660186767578,0.0
11,0.8224999904632568,<class 'model.Wide_ResNet'>,<class 'torch.nn.modules.loss.CrossEntropyLoss'>,<class 'torch.optim.sgd.SGD'>,,cuda:0,,128,200,0.05,128,99999999,1024,1,8,,16,4,0.3,10,0.05,0.9,True,0.0005,"<Client: 'inproc://172.31.40.124/8363/1' processes=1 threads=4, memory=16.48 GB>",0.0,0.000127488,0.07832,4692,600576,12,12,1,128,128,0.05,36.348512172698975,0.8224999904632568,0.5261831726074219,0.0
12,0.8246999979019165,<class 'model.Wide_ResNet'>,<class 'torch.nn.modules.loss.CrossEntropyLoss'>,<class 'torch.optim.sgd.SGD'>,,cuda:0,,128,200,0.05,128,99999999,1024,1,8,,16,4,0.3,10,0.05,0.9,True,0.0005,"<Client: 'inproc://172.31.40.124/8363/1' processes=1 threads=4, memory=16.48 GB>",0.0,0.000127488,0.07832,5083,650624,13,13,1,128,128,0.05,36.5229070186615,0.8246999979019165,0.5218330749511719,0.0
13,0.8355000019073486,<class 'model.Wide_ResNet'>,<class 'torch.nn.modules.loss.CrossEntropyLoss'>,<class 'torch.optim.sgd.SGD'>,,cuda:0,,128,200,0.05,128,99999999,1024,1,8,,16,4,0.3,10,0.05,0.9,True,0.0005,"<Client: 'inproc://172.31.40.124/8363/1' processes=1 threads=4, memory=16.48 GB>",0.0,0.000127488,0.07832,5474,700672,14,14,1,128,128,0.05,36.45762610435486,0.8355000019073486,0.4832679321289062,0.0
14,0.8416999578475952,<class 'model.Wide_ResNet'>,<class 'torch.nn.modules.loss.CrossEntropyLoss'>,<class 'torch.optim.sgd.SGD'>,,cuda:0,,128,200,0.05,128,99999999,1024,1,8,,16,4,0.3,10,0.05,0.9,True,0.0005,"<Client: 'inproc://172.31.40.124/8363/1' processes=1 threads=4, memory=16.48 GB>",0.0,0.000127488,0.07832,5865,750720,15,15,1,128,128,0.05,36.313010454177856,0.8416999578475952,0.4668154937744141,0.0
15,0.8370999693870544,<class 'model.Wide_ResNet'>,<class 'torch.nn.modules.loss.CrossEntropyLoss'>,<class 'torch.optim.sgd.SGD'>,,cuda:0,,128,200,0.05,128,99999999,1024,1,8,,16,4,0.3,10,0.05,0.9,True,0.0005,"<Client: 'inproc://172.31.40.124/8363/1' processes=1 threads=4, memory=16.48 GB>",0.0,0.000127488,0.07832,6256,800768,16,16,1,128,128,0.05,36.34553861618042,0.8370999693870544,0.4776099334716797,0.0
16,0.8308999538421631,<class 'model.Wide_ResNet'>,<class 'torch.nn.modules.loss.CrossEntropyLoss'>,<class 'torch.optim.sgd.SGD'>,,cuda:0,,128,200,0.05,128,99999999,1024,1,8,,16,4,0.3,10,0.05,0.9,True,0.0005,"<Client: 'inproc://172.31.40.124/8363/1' processes=1 threads=4, memory=16.48 GB>",0.0,0.000127488,0.07832,6647,850816,17,17,1,128,128,0.05,36.375776529312134,0.8308999538421631,0.4971209075927734,0.0
17,0.8429999947547913,<class 'model.Wide_ResNet'>,<class 'torch.nn.modules.loss.CrossEntropyLoss'>,<class 'torch.optim.sgd.SGD'>,,cuda:0,,128,200,0.05,128,99999999,1024,1,8,,16,4,0.3,10,0.05,0.9,True,0.0005,"<Client: 'inproc://172.31.40.124/8363/1' processes=1 threads=4, memory=16.48 GB>",0.0,0.000127488,0.07832,7038,900864,18,18,1,128,128,0.05,36.56938171386719,0.8429999947547913,0.4694033599853515,0.0
18,0.8490999937057495,<class 'model.Wide_ResNet'>,<class 'torch.nn.modules.loss.CrossEntropyLoss'>,<class 'torch.optim.sgd.SGD'>,,cuda:0,,128,200,0.05,128,99999999,1024,1,8,,16,4,0.3,10,0.05,0.9,True,0.0005,"<Client: 'inproc://172.31.40.124/8363/1' processes=1 threads=4, memory=16.48 GB>",0.0,0.000127488,0.07832,7429,950912,19,19,1,128,128,0.05,36.35726857185364,0.8490999937057495,0.4519484985351562,0.0
19,0.8333999514579773,<class 'model.Wide_ResNet'>,<class 'torch.nn.modules.loss.CrossEntropyLoss'>,<class 'torch.optim.sgd.SGD'>,,cuda:0,,128,200,0.05,128,99999999,1024,1,8,,16,4,0.3,10,0.05,0.9,True,0.0005,"<Client: 'inproc://172.31.40.124/8363/1' processes=1 threads=4, memory=16.48 GB>",0.0,0.000127488,0.07832,7820,1000960,20,20,1,128,128,0.05,36.33322072029114,0.8333999514579773,0.4994004180908203,0.0
20,0.8337999582290649,<class 'model.Wide_ResNet'>,<class 'torch.nn.modules.loss.CrossEntropyLoss'>,<class 'torch.optim.sgd.SGD'>,,cuda:0,,128,200,0.05,128,99999999,1024,1,8,,16,4,0.3,10,0.05,0.9,True,0.0005,"<Client: 'inproc://172.31.40.124/8363/1' processes=1 threads=4, memory=16.48 GB>",0.0,0.000127488,0.07832,8211,1051008,21,21,1,128,128,0.05,36.348268032073975,0.8337999582290649,0.4918744232177734,0.0
21,0.848800003528595,<class 'model.Wide_ResNet'>,<class 'torch.nn.modules.loss.CrossEntropyLoss'>,<class 'torch.optim.sgd.SGD'>,,cuda:0,,128,200,0.05,128,99999999,1024,1,8,,16,4,0.3,10,0.05,0.9,True,0.0005,"<Client: 'inproc://172.31.40.124/8363/1' processes=1 threads=4, memory=16.48 GB>",0.0,0.000127488,0.07832,8602,1101056,22,22,1,128,128,0.05,36.60794687271118,0.848800003528595,0.4637760894775391,0.0
22,0.8454999923706055,<class 'model.Wide_ResNet'>,<class 'torch.nn.modules.loss.CrossEntropyLoss'>,<class 'torch.optim.sgd.SGD'>,,cuda:0,,128,200,0.05,128,99999999,1024,1,8,,16,4,0.3,10,0.05,0.9,True,0.0005,"<Client: 'inproc://172.31.40.124/8363/1' processes=1 threads=4, memory=16.48 GB>",0.0,0.000127488,0.07832,8993,1151104,23,23,1,128,128,0.05,36.399818420410156,0.8454999923706055,0.4771537902832032,0.0
23,0.8416000008583069,<class 'model.Wide_ResNet'>,<class 'torch.nn.modules.loss.CrossEntropyLoss'>,<class 'torch.optim.sgd.SGD'>,,cuda:0,,128,200,0.05,128,99999999,1024,1,8,,16,4,0.3,10,0.05,0.9,True,0.0005,"<Client: 'inproc://172.31.40.124/8363/1' processes=1 threads=4, memory=16.48 GB>",0.0,0.000127488,0.07832,9384,1201152,24,24,1,128,128,0.05,36.360121726989746,0.8416000008583069,0.4737475036621094,0.0
24,0.8499000072479248,<class 'model.Wide_ResNet'>,<class 'torch.nn.modules.loss.CrossEntropyLoss'>,<class 'torch.optim.sgd.SGD'>,,cuda:0,,128,200,0.05,128,99999999,1024,1,8,,16,4,0.3,10,0.05,0.9,True,0.0005,"<Client: 'inproc://172.31.40.124/8363/1' processes=1 threads=4, memory=16.48 GB>",0.0,0.000127488,0.07832,9775,1251200,25,25,1,128,128,0.05,36.34482431411743,0.8499000072479248,0.4648866302490234,0.0
25,0.8327999711036682,<class 'model.Wide_ResNet'>,<class 'torch.nn.modules.loss.CrossEntropyLoss'>,<class 'torch.optim.sgd.SGD'>,,cuda:0,,128,200,0.05,128,99999999,1024,1,8,,16,4,0.3,10,0.05,0.9,True,0.0005,"<Client: 'inproc://172.31.40.124/8363/1' processes=1 threads=4, memory=16.48 GB>",0.0,0.000127488,0.07832,10166,1301248,26,26,1,128,128,0.05,36.3145809173584,0.8327999711036682,0.4899208740234375,0.0
26,0.8413999676704407,<class 'model.Wide_ResNet'>,<class 'torch.nn.modules.loss.CrossEntropyLoss'>,<class 'torch.optim.sgd.SGD'>,,cuda:0,,128,200,0.05,128,99999999,1024,1,8,,16,4,0.3,10,0.05,0.9,True,0.0005,"<Client: 'inproc://172.31.40.124/8363/1' processes=1 threads=4, memory=16.48 GB>",0.0,0.000127488,0.07832,10557,1351296,27,27,1,128,128,0.05,36.398661375045776,0.8413999676704407,0.4709703552246094,0.0
27,0.852400004863739,<class 'model.Wide_ResNet'>,<class 'torch.nn.modules.loss.CrossEntropyLoss'>,<class 'torch.optim.sgd.SGD'>,,cuda:0,,128,200,0.05,128,99999999,1024,1,8,,16,4,0.3,10,0.05,0.9,True,0.0005,"<Client: 'inproc://172.31.40.124/8363/1' processes=1 threads=4, memory=16.48 GB>",0.0,0.000127488,0.07832,10948,1401344,28,28,1,128,128,0.05,36.50091862678528,0.852400004863739,0.4376676605224609,0.0
28,0.8547999858856201,<class 'model.Wide_ResNet'>,<class 'torch.nn.modules.loss.CrossEntropyLoss'>,<class 'torch.optim.sgd.SGD'>,,cuda:0,,128,200,0.05,128,99999999,1024,1,8,,16,4,0.3,10,0.05,0.9,True,0.0005,"<Client: 'inproc://172.31.40.124/8363/1' processes=1 threads=4, memory=16.48 GB>",0.0,0.000127488,0.07832,11339,1451392,29,29,1,128,128,0.05,36.317668199539185,0.8547999858856201,0.4427739044189453,0.0
29,0.8568999767303467,<class 'model.Wide_ResNet'>,<class 'torch.nn.modules.loss.CrossEntropyLoss'>,<class 'torch.optim.sgd.SGD'>,,cuda:0,,128,200,0.05,128,99999999,1024,1,8,,16,4,0.3,10,0.05,0.9,True,0.0005,"<Client: 'inproc://172.31.40.124/8363/1' processes=1 threads=4, memory=16.48 GB>",0.0,0.000127488,0.07832,11730,1501440,30,30,1,128,128,0.05,36.37897872924805,0.8568999767303467,0.4341832305908203,0.0
30,0.8453999757766724,<class 'model.Wide_ResNet'>,<class 'torch.nn.modules.loss.CrossEntropyLoss'>,<class 'torch.optim.sgd.SGD'>,,cuda:0,,128,200,0.05,128,99999999,1024,1,8,,16,4,0.3,10,0.05,0.9,True,0.0005,"<Client: 'inproc://172.31.40.124/8363/1' processes=1 threads=4, memory=16.48 GB>",0.0,0.000127488,0.07832,12121,1551488,31,31,1,128,128,0.05,36.39234280586243,0.8453999757766724,0.4573758056640625,0.0
31,0.8403999805450441,<class 'model.Wide_ResNet'>,<class 'torch.nn.modules.loss.CrossEntropyLoss'>,<class 'torch.optim.sgd.SGD'>,,cuda:0,,128,200,0.05,128,99999999,1024,1,8,,16,4,0.3,10,0.05,0.9,True,0.0005,"<Client: 'inproc://172.31.40.124/8363/1' processes=1 threads=4, memory=16.48 GB>",0.0,0.000127488,0.07832,12512,1601536,32,32,1,128,128,0.05,36.40710687637329,0.8403999805450441,0.4810812377929688,0.0
32,0.8412999510765076,<class 'model.Wide_ResNet'>,<class 'torch.nn.modules.loss.CrossEntropyLoss'>,<class 'torch.optim.sgd.SGD'>,,cuda:0,,128,200,0.05,128,99999999,1024,1,8,,16,4,0.3,10,0.05,0.9,True,0.0005,"<Client: 'inproc://172.31.40.124/8363/1' processes=1 threads=4, memory=16.48 GB>",0.0,0.000127488,0.07832,12903,1651584,33,33,1,128,128,0.05,36.39569973945618,0.8412999510765076,0.4736084564208984,0.0
33,0.8478999733924866,<class 'model.Wide_ResNet'>,<class 'torch.nn.modules.loss.CrossEntropyLoss'>,<class 'torch.optim.sgd.SGD'>,,cuda:0,,128,200,0.05,128,99999999,1024,1,8,,16,4,0.3,10,0.05,0.9,True,0.0005,"<Client: 'inproc://172.31.40.124/8363/1' processes=1 threads=4, memory=16.48 GB>",0.0,0.000127488,0.07832,13294,1701632,34,34,1,128,128,0.05,36.4876503944397,0.8478999733924866,0.455641049194336,0.0
34,0.8452999591827393,<class 'model.Wide_ResNet'>,<class 'torch.nn.modules.loss.CrossEntropyLoss'>,<class 'torch.optim.sgd.SGD'>,,cuda:0,,128,200,0.05,128,99999999,1024,1,8,,16,4,0.3,10,0.05,0.9,True,0.0005,"<Client: 'inproc://172.31.40.124/8363/1' processes=1 threads=4, memory=16.48 GB>",0.0,0.000127488,0.07832,13685,1751680,35,35,1,128,128,0.05,36.36469507217407,0.8452999591827393,0.4680506866455078,0.0
35,0.8649999499320984,<class 'model.Wide_ResNet'>,<class 'torch.nn.modules.loss.CrossEntropyLoss'>,<class 'torch.optim.sgd.SGD'>,,cuda:0,,128,200,0.05,128,99999999,1024,1,8,,16,4,0.3,10,0.05,0.9,True,0.0005,"<Client: 'inproc://172.31.40.124/8363/1' processes=1 threads=4, memory=16.48 GB>",0.0,0.000127488,0.07832,14076,1801728,36,36,1,128,128,0.05,36.3059618473053,0.8649999499320984,0.40496141662597657,0.0
36,0.8551999926567078,<class 'model.Wide_ResNet'>,<class 'torch.nn.modules.loss.CrossEntropyLoss'>,<class 'torch.optim.sgd.SGD'>,,cuda:0,,128,200,0.05,128,99999999,1024,1,8,,16,4,0.3,10,0.05,0.9,True,0.0005,"<Client: 'inproc://172.31.40.124/8363/1' processes=1 threads=4, memory=16.48 GB>",0.0,0.000127488,0.07832,14467,1851776,37,37,1,128,128,0.05,36.43748188018799,0.8551999926567078,0.4295435089111328,0.0
37,0.8543999791145325,<class 'model.Wide_ResNet'>,<class 'torch.nn.modules.loss.CrossEntropyLoss'>,<class 'torch.optim.sgd.SGD'>,,cuda:0,,128,200,0.05,128,99999999,1024,1,8,,16,4,0.3,10,0.05,0.9,True,0.0005,"<Client: 'inproc://172.31.40.124/8363/1' processes=1 threads=4, memory=16.48 GB>",0.0,0.000127488,0.07832,14858,1901824,38,38,1,128,128,0.05,36.282567501068115,0.8543999791145325,0.4399580413818359,0.0
38,0.8586999773979187,<class 'model.Wide_ResNet'>,<class 'torch.nn.modules.loss.CrossEntropyLoss'>,<class 'torch.optim.sgd.SGD'>,,cuda:0,,128,200,0.05,128,99999999,1024,1,8,,16,4,0.3,10,0.05,0.9,True,0.0005,"<Client: 'inproc://172.31.40.124/8363/1' processes=1 threads=4, memory=16.48 GB>",0.0,0.000127488,0.07832,15249,1951872,39,39,1,128,128,0.05,36.40149641036987,0.8586999773979187,0.4254330169677734,0.0
39,0.8653999567031859,<class 'model.Wide_ResNet'>,<class 'torch.nn.modules.loss.CrossEntropyLoss'>,<class 'torch.optim.sgd.SGD'>,,cuda:0,,128,200,0.05,128,99999999,1024,1,8,,16,4,0.3,10,0.05,0.9,True,0.0005,"<Client: 'inproc://172.31.40.124/8363/1' processes=1 threads=4, memory=16.48 GB>",0.0,0.000127488,0.07832,15640,2001920,40,40,1,128,128,0.05,36.57757234573364,0.8653999567031859,0.3984798248291016,0.0
40,0.8592999577522278,<class 'model.Wide_ResNet'>,<class 'torch.nn.modules.loss.CrossEntropyLoss'>,<class 'torch.optim.sgd.SGD'>,,cuda:0,,128,200,0.05,128,99999999,1024,1,8,,16,4,0.3,10,0.05,0.9,True,0.0005,"<Client: 'inproc://172.31.40.124/8363/1' processes=1 threads=4, memory=16.48 GB>",0.0,0.000127488,0.07832,16031,2051968,41,41,1,128,128,0.05,36.30852127075195,0.8592999577522278,0.4327413330078125,0.0
41,0.8407999873161316,<class 'model.Wide_ResNet'>,<class 'torch.nn.modules.loss.CrossEntropyLoss'>,<class 'torch.optim.sgd.SGD'>,,cuda:0,,128,200,0.05,128,99999999,1024,1,8,,16,4,0.3,10,0.05,0.9,True,0.0005,"<Client: 'inproc://172.31.40.124/8363/1' processes=1 threads=4, memory=16.48 GB>",0.0,0.000127488,0.07832,16422,2102016,42,42,1,128,128,0.05,36.40355825424194,0.8407999873161316,0.4777372406005859,0.0
42,0.8537999987602234,<class 'model.Wide_ResNet'>,<class 'torch.nn.modules.loss.CrossEntropyLoss'>,<class 'torch.optim.sgd.SGD'>,,cuda:0,,128,200,0.05,128,99999999,1024,1,8,,16,4,0.3,10,0.05,0.9,True,0.0005,"<Client: 'inproc://172.31.40.124/8363/1' processes=1 threads=4, memory=16.48 GB>",0.0,0.000127488,0.07832,16813,2152064,43,43,1,128,128,0.05,36.38545799255371,0.8537999987602234,0.4482164703369141,0.0
43,0.8513000011444092,<class 'model.Wide_ResNet'>,<class 'torch.nn.modules.loss.CrossEntropyLoss'>,<class 'torch.optim.sgd.SGD'>,,cuda:0,,128,200,0.05,128,99999999,1024,1,8,,16,4,0.3,10,0.05,0.9,True,0.0005,"<Client: 'inproc://172.31.40.124/8363/1' processes=1 threads=4, memory=16.48 GB>",0.0,0.000127488,0.07832,17204,2202112,44,44,1,128,128,0.05,36.33714556694031,0.8513000011444092,0.4456778411865234,0.0
44,0.8481000065803528,<class 'model.Wide_ResNet'>,<class 'torch.nn.modules.loss.CrossEntropyLoss'>,<class 'torch.optim.sgd.SGD'>,,cuda:0,,128,200,0.05,128,99999999,1024,1,8,,16,4,0.3,10,0.05,0.9,True,0.0005,"<Client: 'inproc://172.31.40.124/8363/1' processes=1 threads=4, memory=16.48 GB>",0.0,0.000127488,0.07832,17595,2252160,45,45,1,128,128,0.05,36.32948875427246,0.8481000065803528,0.4670898315429688,0.0
45,0.8567000031471252,<class 'model.Wide_ResNet'>,<class 'torch.nn.modules.loss.CrossEntropyLoss'>,<class 'torch.optim.sgd.SGD'>,,cuda:0,,128,200,0.05,128,99999999,1024,1,8,,16,4,0.3,10,0.05,0.9,True,0.0005,"<Client: 'inproc://172.31.40.124/8363/1' processes=1 threads=4, memory=16.48 GB>",0.0,0.000127488,0.07832,17986,2302208,46,46,1,128,128,0.05,36.35986065864563,0.8567000031471252,0.4408857452392578,0.0
46,0.8639999628067017,<class 'model.Wide_ResNet'>,<class 'torch.nn.modules.loss.CrossEntropyLoss'>,<class 'torch.optim.sgd.SGD'>,,cuda:0,,128,200,0.05,128,99999999,1024,1,8,,16,4,0.3,10,0.05,0.9,True,0.0005,"<Client: 'inproc://172.31.40.124/8363/1' processes=1 threads=4, memory=16.48 GB>",0.0,0.000127488,0.07832,18377,2352256,47,47,1,128,128,0.05,36.63800549507141,0.8639999628067017,0.4173028259277344,0.0
47,0.8431999683380127,<class 'model.Wide_ResNet'>,<class 'torch.nn.modules.loss.CrossEntropyLoss'>,<class 'torch.optim.sgd.SGD'>,,cuda:0,,128,200,0.05,128,99999999,1024,1,8,,16,4,0.3,10,0.05,0.9,True,0.0005,"<Client: 'inproc://172.31.40.124/8363/1' processes=1 threads=4, memory=16.48 GB>",0.0,0.000127488,0.07832,18768,2402304,48,48,1,128,128,0.05,36.40104126930237,0.8431999683380127,0.4665353454589844,0.0
48,0.8543999791145325,<class 'model.Wide_ResNet'>,<class 'torch.nn.modules.loss.CrossEntropyLoss'>,<class 'torch.optim.sgd.SGD'>,,cuda:0,,128,200,0.05,128,99999999,1024,1,8,,16,4,0.3,10,0.05,0.9,True,0.0005,"<Client: 'inproc://172.31.40.124/8363/1' processes=1 threads=4, memory=16.48 GB>",0.0,0.000127488,0.07832,19159,2452352,49,49,1,128,128,0.05,36.33763337135315,0.8543999791145325,0.4412662719726563,0.0
49,0.852400004863739,<class 'model.Wide_ResNet'>,<class 'torch.nn.modules.loss.CrossEntropyLoss'>,<class 'torch.optim.sgd.SGD'>,,cuda:0,,128,200,0.05,128,99999999,1024,1,8,,16,4,0.3,10,0.05,0.9,True,0.0005,"<Client: 'inproc://172.31.40.124/8363/1' processes=1 threads=4, memory=16.48 GB>",0.0,0.000127488,0.07832,19550,2502400,50,50,1,128,128,0.05,36.317025661468506,0.852400004863739,0.4296016540527344,0.0
50,0.8549000024795532,<class 'model.Wide_ResNet'>,<class 'torch.nn.modules.loss.CrossEntropyLoss'>,<class 'torch.optim.sgd.SGD'>,,cuda:0,,128,200,0.05,128,99999999,1024,1,8,,16,4,0.3,10,0.05,0.9,True,0.0005,"<Client: 'inproc://172.31.40.124/8363/1' processes=1 threads=4, memory=16.48 GB>",0.0,0.000127488,0.07832,19941,2552448,51,51,1,128,128,0.05,36.35208296775818,0.8549000024795532,0.4322296630859375,0.0
51,0.8651999831199646,<class 'model.Wide_ResNet'>,<class 'torch.nn.modules.loss.CrossEntropyLoss'>,<class 'torch.optim.sgd.SGD'>,,cuda:0,,128,200,0.05,128,99999999,1024,1,8,,16,4,0.3,10,0.05,0.9,True,0.0005,"<Client: 'inproc://172.31.40.124/8363/1' processes=1 threads=4, memory=16.48 GB>",0.0,0.000127488,0.07832,20332,2602496,52,52,1,128,128,0.05,36.40333366394043,0.8651999831199646,0.4070910705566406,0.0
52,0.8666999936103821,<class 'model.Wide_ResNet'>,<class 'torch.nn.modules.loss.CrossEntropyLoss'>,<class 'torch.optim.sgd.SGD'>,,cuda:0,,128,200,0.05,128,99999999,1024,1,8,,16,4,0.3,10,0.05,0.9,True,0.0005,"<Client: 'inproc://172.31.40.124/8363/1' processes=1 threads=4, memory=16.48 GB>",0.0,0.000127488,0.07832,20723,2652544,53,53,1,128,128,0.05,36.584386587142944,0.8666999936103821,0.4039033935546875,0.0
53,0.8619999885559082,<class 'model.Wide_ResNet'>,<class 'torch.nn.modules.loss.CrossEntropyLoss'>,<class 'torch.optim.sgd.SGD'>,,cuda:0,,128,200,0.05,128,99999999,1024,1,8,,16,4,0.3,10,0.05,0.9,True,0.0005,"<Client: 'inproc://172.31.40.124/8363/1' processes=1 threads=4, memory=16.48 GB>",0.0,0.000127488,0.07832,21114,2702592,54,54,1,128,128,0.05,36.33569264411926,0.8619999885559082,0.4221818023681641,0.0
54,0.8587999939918518,<class 'model.Wide_ResNet'>,<class 'torch.nn.modules.loss.CrossEntropyLoss'>,<class 'torch.optim.sgd.SGD'>,,cuda:0,,128,200,0.05,128,99999999,1024,1,8,,16,4,0.3,10,0.05,0.9,True,0.0005,"<Client: 'inproc://172.31.40.124/8363/1' processes=1 threads=4, memory=16.48 GB>",0.0,0.000127488,0.07832,21505,2752640,55,55,1,128,128,0.05,36.38680958747864,0.8587999939918518,0.4203102294921875,0.0
55,0.8686999678611755,<class 'model.Wide_ResNet'>,<class 'torch.nn.modules.loss.CrossEntropyLoss'>,<class 'torch.optim.sgd.SGD'>,,cuda:0,,128,200,0.05,128,99999999,1024,1,8,,16,4,0.3,10,0.05,0.9,True,0.0005,"<Client: 'inproc://172.31.40.124/8363/1' processes=1 threads=4, memory=16.48 GB>",0.0,0.000127488,0.07832,21896,2802688,56,56,1,128,128,0.05,36.4559166431427,0.8686999678611755,0.4098301971435547,0.0
56,0.8454999923706055,<class 'model.Wide_ResNet'>,<class 'torch.nn.modules.loss.CrossEntropyLoss'>,<class 'torch.optim.sgd.SGD'>,,cuda:0,,128,200,0.05,128,99999999,1024,1,8,,16,4,0.3,10,0.05,0.9,True,0.0005,"<Client: 'inproc://172.31.40.124/8363/1' processes=1 threads=4, memory=16.48 GB>",0.0,0.000127488,0.07832,22287,2852736,57,57,1,128,128,0.05,36.394567251205444,0.8454999923706055,0.4682451995849609,0.0
57,0.8610000014305115,<class 'model.Wide_ResNet'>,<class 'torch.nn.modules.loss.CrossEntropyLoss'>,<class 'torch.optim.sgd.SGD'>,,cuda:0,,128,200,0.05,128,99999999,1024,1,8,,16,4,0.3,10,0.05,0.9,True,0.0005,"<Client: 'inproc://172.31.40.124/8363/1' processes=1 threads=4, memory=16.48 GB>",0.0,0.000127488,0.07832,22678,2902784,58,58,1,128,128,0.05,36.38800764083862,0.8610000014305115,0.4133126068115234,0.0
58,0.8483999967575073,<class 'model.Wide_ResNet'>,<class 'torch.nn.modules.loss.CrossEntropyLoss'>,<class 'torch.optim.sgd.SGD'>,,cuda:0,,128,200,0.05,128,99999999,1024,1,8,,16,4,0.3,10,0.05,0.9,True,0.0005,"<Client: 'inproc://172.31.40.124/8363/1' processes=1 threads=4, memory=16.48 GB>",0.0,0.000127488,0.07832,23069,2952832,59,59,1,128,128,0.05,36.33730745315552,0.8483999967575073,0.4637421142578125,0.0
59,0.8626999855041504,<class 'model.Wide_ResNet'>,<class 'torch.nn.modules.loss.CrossEntropyLoss'>,<class 'torch.optim.sgd.SGD'>,,cuda:0,,128,200,0.05,128,99999999,1024,1,8,,16,4,0.3,10,0.05,0.9,True,0.0005,"<Client: 'inproc://172.31.40.124/8363/1' processes=1 threads=4, memory=16.48 GB>",0.0,0.000127488,0.07832,23460,3002880,60,60,1,128,128,0.05,36.54836630821228,0.8626999855041504,0.41900989379882814,0.0
60,0.8992999792098999,<class 'model.Wide_ResNet'>,<class 'torch.nn.modules.loss.CrossEntropyLoss'>,<class 'torch.optim.sgd.SGD'>,,cuda:0,,128,200,0.05,128,99999999,1024,1,8,,16,4,0.3,10,0.05,0.9,True,0.0005,"<Client: 'inproc://172.31.40.124/8363/1' processes=1 threads=4, memory=16.48 GB>",0.0,0.000127488,0.07832,23539,3053440,61,61,5,640,640,0.05,15.056422472000122,0.8992999792098999,0.3066234619140625,0.0
61,0.9009000062942504,<class 'model.Wide_ResNet'>,<class 'torch.nn.modules.loss.CrossEntropyLoss'>,<class 'torch.optim.sgd.SGD'>,,cuda:0,,128,200,0.05,128,99999999,1024,1,8,,16,4,0.3,10,0.05,0.9,True,0.0005,"<Client: 'inproc://172.31.40.124/8363/1' processes=1 threads=4, memory=16.48 GB>",0.0,0.000127488,0.07832,23618,3104000,62,62,5,640,640,0.05,15.045774459838867,0.9009000062942504,0.30791575927734377,0.0
62,0.9041000008583068,<class 'model.Wide_ResNet'>,<class 'torch.nn.modules.loss.CrossEntropyLoss'>,<class 'torch.optim.sgd.SGD'>,,cuda:0,,128,200,0.05,128,99999999,1024,1,8,,16,4,0.3,10,0.05,0.9,True,0.0005,"<Client: 'inproc://172.31.40.124/8363/1' processes=1 threads=4, memory=16.48 GB>",0.0,0.000127488,0.07832,23697,3154560,63,63,5,640,640,0.05,15.044062614440918,0.9041000008583068,0.29443089294433594,0.0
63,0.9016000032424928,<class 'model.Wide_ResNet'>,<class 'torch.nn.modules.loss.CrossEntropyLoss'>,<class 'torch.optim.sgd.SGD'>,,cuda:0,,128,200,0.05,128,99999999,1024,1,8,,16,4,0.3,10,0.05,0.9,True,0.0005,"<Client: 'inproc://172.31.40.124/8363/1' processes=1 threads=4, memory=16.48 GB>",0.0,0.000127488,0.07832,23776,3205120,64,64,5,640,640,0.05,15.07962441444397,0.9016000032424928,0.3031492797851563,0.0
64,0.9034000039100648,<class 'model.Wide_ResNet'>,<class 'torch.nn.modules.loss.CrossEntropyLoss'>,<class 'torch.optim.sgd.SGD'>,,cuda:0,,128,200,0.05,128,99999999,1024,1,8,,16,4,0.3,10,0.05,0.9,True,0.0005,"<Client: 'inproc://172.31.40.124/8363/1' processes=1 threads=4, memory=16.48 GB>",0.0,0.000127488,0.07832,23855,3255680,65,65,5,640,640,0.05,15.053370952606201,0.9034000039100648,0.3010262573242187,0.0
65,0.9043999910354614,<class 'model.Wide_ResNet'>,<class 'torch.nn.modules.loss.CrossEntropyLoss'>,<class 'torch.optim.sgd.SGD'>,,cuda:0,,128,200,0.05,128,99999999,1024,1,8,,16,4,0.3,10,0.05,0.9,True,0.0005,"<Client: 'inproc://172.31.40.124/8363/1' processes=1 threads=4, memory=16.48 GB>",0.0,0.000127488,0.07832,23934,3306240,66,66,5,640,640,0.05,15.055298805236816,0.9043999910354614,0.29876365661621096,0.0
66,0.8982999920845032,<class 'model.Wide_ResNet'>,<class 'torch.nn.modules.loss.CrossEntropyLoss'>,<class 'torch.optim.sgd.SGD'>,,cuda:0,,128,200,0.05,128,99999999,1024,1,8,,16,4,0.3,10,0.05,0.9,True,0.0005,"<Client: 'inproc://172.31.40.124/8363/1' processes=1 threads=4, memory=16.48 GB>",0.0,0.000127488,0.07832,24013,3356800,67,67,5,640,640,0.05,15.065745115280151,0.8982999920845032,0.31771788635253906,0.0
67,0.9031999707221984,<class 'model.Wide_ResNet'>,<class 'torch.nn.modules.loss.CrossEntropyLoss'>,<class 'torch.optim.sgd.SGD'>,,cuda:0,,128,200,0.05,128,99999999,1024,1,8,,16,4,0.3,10,0.05,0.9,True,0.0005,"<Client: 'inproc://172.31.40.124/8363/1' processes=1 threads=4, memory=16.48 GB>",0.0,0.000127488,0.07832,24092,3407360,68,68,5,640,640,0.05,15.087085008621216,0.9031999707221984,0.30989689636230466,0.0
68,0.901199996471405,<class 'model.Wide_ResNet'>,<class 'torch.nn.modules.loss.CrossEntropyLoss'>,<class 'torch.optim.sgd.SGD'>,,cuda:0,,128,200,0.05,128,99999999,1024,1,8,,16,4,0.3,10,0.05,0.9,True,0.0005,"<Client: 'inproc://172.31.40.124/8363/1' processes=1 threads=4, memory=16.48 GB>",0.0,0.000127488,0.07832,24171,3457920,69,69,5,640,640,0.05,15.312177419662476,0.901199996471405,0.3045575042724609,0.0
69,0.9036999940872192,<class 'model.Wide_ResNet'>,<class 'torch.nn.modules.loss.CrossEntropyLoss'>,<class 'torch.optim.sgd.SGD'>,,cuda:0,,128,200,0.05,128,99999999,1024,1,8,,16,4,0.3,10,0.05,0.9,True,0.0005,"<Client: 'inproc://172.31.40.124/8363/1' processes=1 threads=4, memory=16.48 GB>",0.0,0.000127488,0.07832,24250,3508480,70,70,5,640,640,0.05,15.089513301849365,0.9036999940872192,0.30728963623046873,0.0
70,0.9037999510765076,<class 'model.Wide_ResNet'>,<class 'torch.nn.modules.loss.CrossEntropyLoss'>,<class 'torch.optim.sgd.SGD'>,,cuda:0,,128,200,0.05,128,99999999,1024,1,8,,16,4,0.3,10,0.05,0.9,True,0.0005,"<Client: 'inproc://172.31.40.124/8363/1' processes=1 threads=4, memory=16.48 GB>",0.0,0.000127488,0.07832,24329,3559040,71,71,5,640,640,0.05,15.04792070388794,0.9037999510765076,0.3155115020751953,0.0
71,0.9036999940872192,<class 'model.Wide_ResNet'>,<class 'torch.nn.modules.loss.CrossEntropyLoss'>,<class 'torch.optim.sgd.SGD'>,,cuda:0,,128,200,0.05,128,99999999,1024,1,8,,16,4,0.3,10,0.05,0.9,True,0.0005,"<Client: 'inproc://172.31.40.124/8363/1' processes=1 threads=4, memory=16.48 GB>",0.0,0.000127488,0.07832,24408,3609600,72,72,5,640,640,0.05,15.048036098480225,0.9036999940872192,0.3081627807617188,0.0
72,0.8992999792098999,<class 'model.Wide_ResNet'>,<class 'torch.nn.modules.loss.CrossEntropyLoss'>,<class 'torch.optim.sgd.SGD'>,,cuda:0,,128,200,0.05,128,99999999,1024,1,8,,16,4,0.3,10,0.05,0.9,True,0.0005,"<Client: 'inproc://172.31.40.124/8363/1' processes=1 threads=4, memory=16.48 GB>",0.0,0.000127488,0.07832,24487,3660160,73,73,5,640,640,0.05,15.058632612228394,0.8992999792098999,0.31645449523925784,0.0
73,0.8991000056266785,<class 'model.Wide_ResNet'>,<class 'torch.nn.modules.loss.CrossEntropyLoss'>,<class 'torch.optim.sgd.SGD'>,,cuda:0,,128,200,0.05,128,99999999,1024,1,8,,16,4,0.3,10,0.05,0.9,True,0.0005,"<Client: 'inproc://172.31.40.124/8363/1' processes=1 threads=4, memory=16.48 GB>",0.0,0.000127488,0.07832,24566,3710720,74,74,5,640,640,0.05,15.0472891330719,0.8991000056266785,0.31907809448242186,0.0
74,0.9055999517440796,<class 'model.Wide_ResNet'>,<class 'torch.nn.modules.loss.CrossEntropyLoss'>,<class 'torch.optim.sgd.SGD'>,,cuda:0,,128,200,0.05,128,99999999,1024,1,8,,16,4,0.3,10,0.05,0.9,True,0.0005,"<Client: 'inproc://172.31.40.124/8363/1' processes=1 threads=4, memory=16.48 GB>",0.0,0.000127488,0.07832,24645,3761280,75,75,5,640,640,0.05,15.066017866134644,0.9055999517440796,0.30351585235595696,0.0
75,0.8977999687194824,<class 'model.Wide_ResNet'>,<class 'torch.nn.modules.loss.CrossEntropyLoss'>,<class 'torch.optim.sgd.SGD'>,,cuda:0,,128,200,0.05,128,99999999,1024,1,8,,16,4,0.3,10,0.05,0.9,True,0.0005,"<Client: 'inproc://172.31.40.124/8363/1' processes=1 threads=4, memory=16.48 GB>",0.0,0.000127488,0.07832,24724,3811840,76,76,5,640,640,0.05,15.095778226852417,0.8977999687194824,0.3247989166259765,0.0
76,0.9049999713897704,<class 'model.Wide_ResNet'>,<class 'torch.nn.modules.loss.CrossEntropyLoss'>,<class 'torch.optim.sgd.SGD'>,,cuda:0,,128,200,0.05,128,99999999,1024,1,8,,16,4,0.3,10,0.05,0.9,True,0.0005,"<Client: 'inproc://172.31.40.124/8363/1' processes=1 threads=4, memory=16.48 GB>",0.0,0.000127488,0.07832,24803,3862400,77,77,5,640,640,0.05,15.052299737930298,0.9049999713897704,0.3140085174560547,0.0
77,0.904699981212616,<class 'model.Wide_ResNet'>,<class 'torch.nn.modules.loss.CrossEntropyLoss'>,<class 'torch.optim.sgd.SGD'>,,cuda:0,,128,200,0.05,128,99999999,1024,1,8,,16,4,0.3,10,0.05,0.9,True,0.0005,"<Client: 'inproc://172.31.40.124/8363/1' processes=1 threads=4, memory=16.48 GB>",0.0,0.000127488,0.07832,24882,3912960,78,78,5,640,640,0.05,15.058325052261353,0.904699981212616,0.3199218231201172,0.0
78,0.8973999619483948,<class 'model.Wide_ResNet'>,<class 'torch.nn.modules.loss.CrossEntropyLoss'>,<class 'torch.optim.sgd.SGD'>,,cuda:0,,128,200,0.05,128,99999999,1024,1,8,,16,4,0.3,10,0.05,0.9,True,0.0005,"<Client: 'inproc://172.31.40.124/8363/1' processes=1 threads=4, memory=16.48 GB>",0.0,0.000127488,0.07832,24961,3963520,79,79,5,640,640,0.05,15.275956869125366,0.8973999619483948,0.33489365844726565,0.0
79,0.8944000005722046,<class 'model.Wide_ResNet'>,<class 'torch.nn.modules.loss.CrossEntropyLoss'>,<class 'torch.optim.sgd.SGD'>,,cuda:0,,128,200,0.05,128,99999999,1024,1,8,,16,4,0.3,10,0.05,0.9,True,0.0005,"<Client: 'inproc://172.31.40.124/8363/1' processes=1 threads=4, memory=16.48 GB>",0.0,0.000127488,0.07832,25040,4014080,80,80,5,640,640,0.05,15.061447858810425,0.8944000005722046,0.3374098388671875,0.0
80,0.9034000039100648,<class 'model.Wide_ResNet'>,<class 'torch.nn.modules.loss.CrossEntropyLoss'>,<class 'torch.optim.sgd.SGD'>,,cuda:0,,128,200,0.05,128,99999999,1024,1,8,,16,4,0.3,10,0.05,0.9,True,0.0005,"<Client: 'inproc://172.31.40.124/8363/1' processes=1 threads=4, memory=16.48 GB>",0.0,0.000127488,0.07832,25119,4064640,81,81,5,640,640,0.05,15.041220426559448,0.9034000039100648,0.3160644805908203,0.0
81,0.8962000012397766,<class 'model.Wide_ResNet'>,<class 'torch.nn.modules.loss.CrossEntropyLoss'>,<class 'torch.optim.sgd.SGD'>,,cuda:0,,128,200,0.05,128,99999999,1024,1,8,,16,4,0.3,10,0.05,0.9,True,0.0005,"<Client: 'inproc://172.31.40.124/8363/1' processes=1 threads=4, memory=16.48 GB>",0.0,0.000127488,0.07832,25198,4115200,82,82,5,640,640,0.05,15.045945405960083,0.8962000012397766,0.33827862548828125,0.0
82,0.9007999897003174,<class 'model.Wide_ResNet'>,<class 'torch.nn.modules.loss.CrossEntropyLoss'>,<class 'torch.optim.sgd.SGD'>,,cuda:0,,128,200,0.05,128,99999999,1024,1,8,,16,4,0.3,10,0.05,0.9,True,0.0005,"<Client: 'inproc://172.31.40.124/8363/1' processes=1 threads=4, memory=16.48 GB>",0.0,0.000127488,0.07832,25277,4165760,83,83,5,640,640,0.05,15.048452138900757,0.9007999897003174,0.3178703094482422,0.0
83,0.899399995803833,<class 'model.Wide_ResNet'>,<class 'torch.nn.modules.loss.CrossEntropyLoss'>,<class 'torch.optim.sgd.SGD'>,,cuda:0,,128,200,0.05,128,99999999,1024,1,8,,16,4,0.3,10,0.05,0.9,True,0.0005,"<Client: 'inproc://172.31.40.124/8363/1' processes=1 threads=4, memory=16.48 GB>",0.0,0.000127488,0.07832,25356,4216320,84,84,5,640,640,0.05,15.046631336212158,0.899399995803833,0.3287162475585937,0.0
84,0.8974999785423279,<class 'model.Wide_ResNet'>,<class 'torch.nn.modules.loss.CrossEntropyLoss'>,<class 'torch.optim.sgd.SGD'>,,cuda:0,,128,200,0.05,128,99999999,1024,1,8,,16,4,0.3,10,0.05,0.9,True,0.0005,"<Client: 'inproc://172.31.40.124/8363/1' processes=1 threads=4, memory=16.48 GB>",0.0,0.000127488,0.07832,25435,4266880,85,85,5,640,640,0.05,15.055423498153687,0.8974999785423279,0.3343289306640625,0.0
85,0.8998999595642091,<class 'model.Wide_ResNet'>,<class 'torch.nn.modules.loss.CrossEntropyLoss'>,<class 'torch.optim.sgd.SGD'>,,cuda:0,,128,200,0.05,128,99999999,1024,1,8,,16,4,0.3,10,0.05,0.9,True,0.0005,"<Client: 'inproc://172.31.40.124/8363/1' processes=1 threads=4, memory=16.48 GB>",0.0,0.000127488,0.07832,25514,4317440,86,86,5,640,640,0.05,15.049151182174683,0.8998999595642091,0.3281719482421875,0.0
86,0.8951999545097351,<class 'model.Wide_ResNet'>,<class 'torch.nn.modules.loss.CrossEntropyLoss'>,<class 'torch.optim.sgd.SGD'>,,cuda:0,,128,200,0.05,128,99999999,1024,1,8,,16,4,0.3,10,0.05,0.9,True,0.0005,"<Client: 'inproc://172.31.40.124/8363/1' processes=1 threads=4, memory=16.48 GB>",0.0,0.000127488,0.07832,25593,4368000,87,87,5,640,640,0.05,15.062256574630737,0.8951999545097351,0.3528724884033203,0.0
87,0.8980999588966371,<class 'model.Wide_ResNet'>,<class 'torch.nn.modules.loss.CrossEntropyLoss'>,<class 'torch.optim.sgd.SGD'>,,cuda:0,,128,200,0.05,128,99999999,1024,1,8,,16,4,0.3,10,0.05,0.9,True,0.0005,"<Client: 'inproc://172.31.40.124/8363/1' processes=1 threads=4, memory=16.48 GB>",0.0,0.000127488,0.07832,25672,4418560,88,88,5,640,640,0.05,15.125869512557983,0.8980999588966371,0.3336556579589844,0.0
88,0.8941999673843384,<class 'model.Wide_ResNet'>,<class 'torch.nn.modules.loss.CrossEntropyLoss'>,<class 'torch.optim.sgd.SGD'>,,cuda:0,,128,200,0.05,128,99999999,1024,1,8,,16,4,0.3,10,0.05,0.9,True,0.0005,"<Client: 'inproc://172.31.40.124/8363/1' processes=1 threads=4, memory=16.48 GB>",0.0,0.000127488,0.07832,25751,4469120,89,89,5,640,640,0.05,15.099897861480713,0.8941999673843384,0.3394594207763672,0.0
89,0.9006999731063843,<class 'model.Wide_ResNet'>,<class 'torch.nn.modules.loss.CrossEntropyLoss'>,<class 'torch.optim.sgd.SGD'>,,cuda:0,,128,200,0.05,128,99999999,1024,1,8,,16,4,0.3,10,0.05,0.9,True,0.0005,"<Client: 'inproc://172.31.40.124/8363/1' processes=1 threads=4, memory=16.48 GB>",0.0,0.000127488,0.07832,25830,4519680,90,90,5,640,640,0.05,15.302250862121582,0.9006999731063843,0.32282481689453124,0.0
90,0.9005999565124512,<class 'model.Wide_ResNet'>,<class 'torch.nn.modules.loss.CrossEntropyLoss'>,<class 'torch.optim.sgd.SGD'>,,cuda:0,,128,200,0.05,128,99999999,1024,1,8,,16,4,0.3,10,0.05,0.9,True,0.0005,"<Client: 'inproc://172.31.40.124/8363/1' processes=1 threads=4, memory=16.48 GB>",0.0,0.000127488,0.07832,25909,4570240,91,91,5,640,640,0.05,15.07148551940918,0.9005999565124512,0.31722057189941405,0.0
91,0.8937999606132507,<class 'model.Wide_ResNet'>,<class 'torch.nn.modules.loss.CrossEntropyLoss'>,<class 'torch.optim.sgd.SGD'>,,cuda:0,,128,200,0.05,128,99999999,1024,1,8,,16,4,0.3,10,0.05,0.9,True,0.0005,"<Client: 'inproc://172.31.40.124/8363/1' processes=1 threads=4, memory=16.48 GB>",0.0,0.000127488,0.07832,25988,4620800,92,92,5,640,640,0.05,15.053423881530762,0.8937999606132507,0.3437623229980469,0.0
92,0.8999999761581421,<class 'model.Wide_ResNet'>,<class 'torch.nn.modules.loss.CrossEntropyLoss'>,<class 'torch.optim.sgd.SGD'>,,cuda:0,,128,200,0.05,128,99999999,1024,1,8,,16,4,0.3,10,0.05,0.9,True,0.0005,"<Client: 'inproc://172.31.40.124/8363/1' processes=1 threads=4, memory=16.48 GB>",0.0,0.000127488,0.07832,26067,4671360,93,93,5,640,640,0.05,15.03873896598816,0.8999999761581421,0.3300202484130859,0.0
93,0.8914999961853027,<class 'model.Wide_ResNet'>,<class 'torch.nn.modules.loss.CrossEntropyLoss'>,<class 'torch.optim.sgd.SGD'>,,cuda:0,,128,200,0.05,128,99999999,1024,1,8,,16,4,0.3,10,0.05,0.9,True,0.0005,"<Client: 'inproc://172.31.40.124/8363/1' processes=1 threads=4, memory=16.48 GB>",0.0,0.000127488,0.07832,26146,4721920,94,94,5,640,640,0.05,15.046020030975342,0.8914999961853027,0.35809706420898435,0.0
94,0.9020999670028688,<class 'model.Wide_ResNet'>,<class 'torch.nn.modules.loss.CrossEntropyLoss'>,<class 'torch.optim.sgd.SGD'>,,cuda:0,,128,200,0.05,128,99999999,1024,1,8,,16,4,0.3,10,0.05,0.9,True,0.0005,"<Client: 'inproc://172.31.40.124/8363/1' processes=1 threads=4, memory=16.48 GB>",0.0,0.000127488,0.07832,26225,4772480,95,95,5,640,640,0.05,15.05773663520813,0.9020999670028688,0.3217871398925781,0.0
95,0.8905999660491943,<class 'model.Wide_ResNet'>,<class 'torch.nn.modules.loss.CrossEntropyLoss'>,<class 'torch.optim.sgd.SGD'>,,cuda:0,,128,200,0.05,128,99999999,1024,1,8,,16,4,0.3,10,0.05,0.9,True,0.0005,"<Client: 'inproc://172.31.40.124/8363/1' processes=1 threads=4, memory=16.48 GB>",0.0,0.000127488,0.07832,26304,4823040,96,96,5,640,640,0.05,15.055692911148071,0.8905999660491943,0.3520843292236328,0.0
96,0.8987999558448792,<class 'model.Wide_ResNet'>,<class 'torch.nn.modules.loss.CrossEntropyLoss'>,<class 'torch.optim.sgd.SGD'>,,cuda:0,,128,200,0.05,128,99999999,1024,1,8,,16,4,0.3,10,0.05,0.9,True,0.0005,"<Client: 'inproc://172.31.40.124/8363/1' processes=1 threads=4, memory=16.48 GB>",0.0,0.000127488,0.07832,26383,4873600,97,97,5,640,640,0.05,15.060038805007935,0.8987999558448792,0.3165639038085937,0.0
97,0.8937000036239624,<class 'model.Wide_ResNet'>,<class 'torch.nn.modules.loss.CrossEntropyLoss'>,<class 'torch.optim.sgd.SGD'>,,cuda:0,,128,200,0.05,128,99999999,1024,1,8,,16,4,0.3,10,0.05,0.9,True,0.0005,"<Client: 'inproc://172.31.40.124/8363/1' processes=1 threads=4, memory=16.48 GB>",0.0,0.000127488,0.07832,26462,4924160,98,98,5,640,640,0.05,15.042346954345703,0.8937000036239624,0.3468909896850586,0.0
98,0.8995999693870544,<class 'model.Wide_ResNet'>,<class 'torch.nn.modules.loss.CrossEntropyLoss'>,<class 'torch.optim.sgd.SGD'>,,cuda:0,,128,200,0.05,128,99999999,1024,1,8,,16,4,0.3,10,0.05,0.9,True,0.0005,"<Client: 'inproc://172.31.40.124/8363/1' processes=1 threads=4, memory=16.48 GB>",0.0,0.000127488,0.07832,26541,4974720,99,99,5,640,640,0.05,15.061967611312866,0.8995999693870544,0.32529779052734376,0.0
99,0.8983999490737915,<class 'model.Wide_ResNet'>,<class 'torch.nn.modules.loss.CrossEntropyLoss'>,<class 'torch.optim.sgd.SGD'>,,cuda:0,,128,200,0.05,128,99999999,1024,1,8,,16,4,0.3,10,0.05,0.9,True,0.0005,"<Client: 'inproc://172.31.40.124/8363/1' processes=1 threads=4, memory=16.48 GB>",0.0,0.000127488,0.07832,26620,5025280,100,100,5,640,640,0.05,15.347623586654663,0.8983999490737915,0.32884520263671874,0.0
100,0.8938999772071838,<class 'model.Wide_ResNet'>,<class 'torch.nn.modules.loss.CrossEntropyLoss'>,<class 'torch.optim.sgd.SGD'>,,cuda:0,,128,200,0.05,128,99999999,1024,1,8,,16,4,0.3,10,0.05,0.9,True,0.0005,"<Client: 'inproc://172.31.40.124/8363/1' processes=1 threads=4, memory=16.48 GB>",0.0,0.000127488,0.07832,26699,5075840,101,101,5,640,640,0.05,15.057076930999756,0.8938999772071838,0.3333260955810547,0.0
101,0.9003999829292297,<class 'model.Wide_ResNet'>,<class 'torch.nn.modules.loss.CrossEntropyLoss'>,<class 'torch.optim.sgd.SGD'>,,cuda:0,,128,200,0.05,128,99999999,1024,1,8,,16,4,0.3,10,0.05,0.9,True,0.0005,"<Client: 'inproc://172.31.40.124/8363/1' processes=1 threads=4, memory=16.48 GB>",0.0,0.000127488,0.07832,26778,5126400,102,102,5,640,640,0.05,15.057503461837769,0.9003999829292297,0.33078579711914063,0.0
102,0.8926999568939209,<class 'model.Wide_ResNet'>,<class 'torch.nn.modules.loss.CrossEntropyLoss'>,<class 'torch.optim.sgd.SGD'>,,cuda:0,,128,200,0.05,128,99999999,1024,1,8,,16,4,0.3,10,0.05,0.9,True,0.0005,"<Client: 'inproc://172.31.40.124/8363/1' processes=1 threads=4, memory=16.48 GB>",0.0,0.000127488,0.07832,26857,5176960,103,103,5,640,640,0.05,15.060192584991455,0.8926999568939209,0.3557994812011719,0.0
103,0.8941999673843384,<class 'model.Wide_ResNet'>,<class 'torch.nn.modules.loss.CrossEntropyLoss'>,<class 'torch.optim.sgd.SGD'>,,cuda:0,,128,200,0.05,128,99999999,1024,1,8,,16,4,0.3,10,0.05,0.9,True,0.0005,"<Client: 'inproc://172.31.40.124/8363/1' processes=1 threads=4, memory=16.48 GB>",0.0,0.000127488,0.07832,26936,5227520,104,104,5,640,640,0.05,15.054120779037476,0.8941999673843384,0.3488102325439453,0.0
104,0.8940999507904053,<class 'model.Wide_ResNet'>,<class 'torch.nn.modules.loss.CrossEntropyLoss'>,<class 'torch.optim.sgd.SGD'>,,cuda:0,,128,200,0.05,128,99999999,1024,1,8,,16,4,0.3,10,0.05,0.9,True,0.0005,"<Client: 'inproc://172.31.40.124/8363/1' processes=1 threads=4, memory=16.48 GB>",0.0,0.000127488,0.07832,27015,5278080,105,105,5,640,640,0.05,15.051026105880737,0.8940999507904053,0.3364499755859375,0.0
105,0.8876999616622925,<class 'model.Wide_ResNet'>,<class 'torch.nn.modules.loss.CrossEntropyLoss'>,<class 'torch.optim.sgd.SGD'>,,cuda:0,,128,200,0.05,128,99999999,1024,1,8,,16,4,0.3,10,0.05,0.9,True,0.0005,"<Client: 'inproc://172.31.40.124/8363/1' processes=1 threads=4, memory=16.48 GB>",0.0,0.000127488,0.07832,27094,5328640,106,106,5,640,640,0.05,15.052610635757446,0.8876999616622925,0.3612644958496094,0.0
106,0.8996999859809875,<class 'model.Wide_ResNet'>,<class 'torch.nn.modules.loss.CrossEntropyLoss'>,<class 'torch.optim.sgd.SGD'>,,cuda:0,,128,200,0.05,128,99999999,1024,1,8,,16,4,0.3,10,0.05,0.9,True,0.0005,"<Client: 'inproc://172.31.40.124/8363/1' processes=1 threads=4, memory=16.48 GB>",0.0,0.000127488,0.07832,27173,5379200,107,107,5,640,640,0.05,15.079261302947998,0.8996999859809875,0.31647391662597657,0.0
107,0.8935999870300293,<class 'model.Wide_ResNet'>,<class 'torch.nn.modules.loss.CrossEntropyLoss'>,<class 'torch.optim.sgd.SGD'>,,cuda:0,,128,200,0.05,128,99999999,1024,1,8,,16,4,0.3,10,0.05,0.9,True,0.0005,"<Client: 'inproc://172.31.40.124/8363/1' processes=1 threads=4, memory=16.48 GB>",0.0,0.000127488,0.07832,27252,5429760,108,108,5,640,640,0.05,15.107136249542236,0.8935999870300293,0.3502396423339844,0.0
108,0.8922999501228333,<class 'model.Wide_ResNet'>,<class 'torch.nn.modules.loss.CrossEntropyLoss'>,<class 'torch.optim.sgd.SGD'>,,cuda:0,,128,200,0.05,128,99999999,1024,1,8,,16,4,0.3,10,0.05,0.9,True,0.0005,"<Client: 'inproc://172.31.40.124/8363/1' processes=1 threads=4, memory=16.48 GB>",0.0,0.000127488,0.07832,27331,5480320,109,109,5,640,640,0.05,15.097600221633911,0.8922999501228333,0.3483418365478516,0.0
109,0.9016000032424928,<class 'model.Wide_ResNet'>,<class 'torch.nn.modules.loss.CrossEntropyLoss'>,<class 'torch.optim.sgd.SGD'>,,cuda:0,,128,200,0.05,128,99999999,1024,1,8,,16,4,0.3,10,0.05,0.9,True,0.0005,"<Client: 'inproc://172.31.40.124/8363/1' processes=1 threads=4, memory=16.48 GB>",0.0,0.000127488,0.07832,27410,5530880,110,110,5,640,640,0.05,15.04529070854187,0.9016000032424928,0.31671597595214845,0.0
110,0.8944999575614929,<class 'model.Wide_ResNet'>,<class 'torch.nn.modules.loss.CrossEntropyLoss'>,<class 'torch.optim.sgd.SGD'>,,cuda:0,,128,200,0.05,128,99999999,1024,1,8,,16,4,0.3,10,0.05,0.9,True,0.0005,"<Client: 'inproc://172.31.40.124/8363/1' processes=1 threads=4, memory=16.48 GB>",0.0,0.000127488,0.07832,27489,5581440,111,111,5,640,640,0.05,15.307140588760376,0.8944999575614929,0.3464306488037109,0.0
111,0.8937000036239624,<class 'model.Wide_ResNet'>,<class 'torch.nn.modules.loss.CrossEntropyLoss'>,<class 'torch.optim.sgd.SGD'>,,cuda:0,,128,200,0.05,128,99999999,1024,1,8,,16,4,0.3,10,0.05,0.9,True,0.0005,"<Client: 'inproc://172.31.40.124/8363/1' processes=1 threads=4, memory=16.48 GB>",0.0,0.000127488,0.07832,27568,5632000,112,112,5,640,640,0.05,15.105175018310547,0.8937000036239624,0.33514549255371096,0.0
112,0.8992999792098999,<class 'model.Wide_ResNet'>,<class 'torch.nn.modules.loss.CrossEntropyLoss'>,<class 'torch.optim.sgd.SGD'>,,cuda:0,,128,200,0.05,128,99999999,1024,1,8,,16,4,0.3,10,0.05,0.9,True,0.0005,"<Client: 'inproc://172.31.40.124/8363/1' processes=1 threads=4, memory=16.48 GB>",0.0,0.000127488,0.07832,27647,5682560,113,113,5,640,640,0.05,15.05619192123413,0.8992999792098999,0.3357758422851562,0.0
113,0.8871999979019165,<class 'model.Wide_ResNet'>,<class 'torch.nn.modules.loss.CrossEntropyLoss'>,<class 'torch.optim.sgd.SGD'>,,cuda:0,,128,200,0.05,128,99999999,1024,1,8,,16,4,0.3,10,0.05,0.9,True,0.0005,"<Client: 'inproc://172.31.40.124/8363/1' processes=1 threads=4, memory=16.48 GB>",0.0,0.000127488,0.07832,27726,5733120,114,114,5,640,640,0.05,15.050097227096558,0.8871999979019165,0.3617877288818359,0.0
114,0.8931999802589417,<class 'model.Wide_ResNet'>,<class 'torch.nn.modules.loss.CrossEntropyLoss'>,<class 'torch.optim.sgd.SGD'>,,cuda:0,,128,200,0.05,128,99999999,1024,1,8,,16,4,0.3,10,0.05,0.9,True,0.0005,"<Client: 'inproc://172.31.40.124/8363/1' processes=1 threads=4, memory=16.48 GB>",0.0,0.000127488,0.07832,27805,5783680,115,115,5,640,640,0.05,15.053852081298828,0.8931999802589417,0.3455864837646485,0.0
115,0.9005999565124512,<class 'model.Wide_ResNet'>,<class 'torch.nn.modules.loss.CrossEntropyLoss'>,<class 'torch.optim.sgd.SGD'>,,cuda:0,,128,200,0.05,128,99999999,1024,1,8,,16,4,0.3,10,0.05,0.9,True,0.0005,"<Client: 'inproc://172.31.40.124/8363/1' processes=1 threads=4, memory=16.48 GB>",0.0,0.000127488,0.07832,27884,5834240,116,116,5,640,640,0.05,15.0664644241333,0.9005999565124512,0.3228132293701172,0.0
116,0.8984999656677246,<class 'model.Wide_ResNet'>,<class 'torch.nn.modules.loss.CrossEntropyLoss'>,<class 'torch.optim.sgd.SGD'>,,cuda:0,,128,200,0.05,128,99999999,1024,1,8,,16,4,0.3,10,0.05,0.9,True,0.0005,"<Client: 'inproc://172.31.40.124/8363/1' processes=1 threads=4, memory=16.48 GB>",0.0,0.000127488,0.07832,27963,5884800,117,117,5,640,640,0.05,15.063136100769043,0.8984999656677246,0.3395836334228516,0.0
117,0.8996999859809875,<class 'model.Wide_ResNet'>,<class 'torch.nn.modules.loss.CrossEntropyLoss'>,<class 'torch.optim.sgd.SGD'>,,cuda:0,,128,200,0.05,128,99999999,1024,1,8,,16,4,0.3,10,0.05,0.9,True,0.0005,"<Client: 'inproc://172.31.40.124/8363/1' processes=1 threads=4, memory=16.48 GB>",0.0,0.000127488,0.07832,28042,5935360,118,118,5,640,640,0.05,15.044601440429688,0.8996999859809875,0.3313364135742187,0.0
118,0.901099979877472,<class 'model.Wide_ResNet'>,<class 'torch.nn.modules.loss.CrossEntropyLoss'>,<class 'torch.optim.sgd.SGD'>,,cuda:0,,128,200,0.05,128,99999999,1024,1,8,,16,4,0.3,10,0.05,0.9,True,0.0005,"<Client: 'inproc://172.31.40.124/8363/1' processes=1 threads=4, memory=16.48 GB>",0.0,0.000127488,0.07832,28121,5985920,119,119,5,640,640,0.05,15.059087991714478,0.901099979877472,0.3243401977539063,0.0
119,0.8912000060081482,<class 'model.Wide_ResNet'>,<class 'torch.nn.modules.loss.CrossEntropyLoss'>,<class 'torch.optim.sgd.SGD'>,,cuda:0,,128,200,0.05,128,99999999,1024,1,8,,16,4,0.3,10,0.05,0.9,True,0.0005,"<Client: 'inproc://172.31.40.124/8363/1' processes=1 threads=4, memory=16.48 GB>",0.0,0.000127488,0.07832,28200,6036480,120,120,5,640,640,0.05,15.049842596054077,0.8912000060081482,0.3581363555908203,0.0
120,0.9077999591827391,<class 'model.Wide_ResNet'>,<class 'torch.nn.modules.loss.CrossEntropyLoss'>,<class 'torch.optim.sgd.SGD'>,,cuda:0,,128,200,0.05,128,99999999,1024,1,8,,16,4,0.3,10,0.05,0.9,True,0.0005,"<Client: 'inproc://172.31.40.124/8363/1' processes=1 threads=4, memory=16.48 GB>",0.0,0.000127488,0.07832,28216,6087680,121,121,25,3200,3200,0.05,10.209275722503662,0.9077999591827391,0.30209554443359377,0.0
121,0.9150999784469604,<class 'model.Wide_ResNet'>,<class 'torch.nn.modules.loss.CrossEntropyLoss'>,<class 'torch.optim.sgd.SGD'>,,cuda:0,,128,200,0.05,128,99999999,1024,1,8,,16,4,0.3,10,0.05,0.9,True,0.0005,"<Client: 'inproc://172.31.40.124/8363/1' processes=1 threads=4, memory=16.48 GB>",0.0,0.000127488,0.07832,28232,6138880,122,122,25,3200,3200,0.05,10.496540307998657,0.9150999784469604,0.27614571228027346,0.0
122,0.9139999747276306,<class 'model.Wide_ResNet'>,<class 'torch.nn.modules.loss.CrossEntropyLoss'>,<class 'torch.optim.sgd.SGD'>,,cuda:0,,128,200,0.05,128,99999999,1024,1,8,,16,4,0.3,10,0.05,0.9,True,0.0005,"<Client: 'inproc://172.31.40.124/8363/1' processes=1 threads=4, memory=16.48 GB>",0.0,0.000127488,0.07832,28248,6190080,123,123,25,3200,3200,0.05,10.289385795593262,0.9139999747276306,0.28222538757324217,0.0
123,0.9156999588012696,<class 'model.Wide_ResNet'>,<class 'torch.nn.modules.loss.CrossEntropyLoss'>,<class 'torch.optim.sgd.SGD'>,,cuda:0,,128,200,0.05,128,99999999,1024,1,8,,16,4,0.3,10,0.05,0.9,True,0.0005,"<Client: 'inproc://172.31.40.124/8363/1' processes=1 threads=4, memory=16.48 GB>",0.0,0.000127488,0.07832,28264,6241280,124,124,25,3200,3200,0.05,10.246318101882935,0.9156999588012696,0.27100800018310545,0.0
124,0.9145999550819396,<class 'model.Wide_ResNet'>,<class 'torch.nn.modules.loss.CrossEntropyLoss'>,<class 'torch.optim.sgd.SGD'>,,cuda:0,,128,200,0.05,128,99999999,1024,1,8,,16,4,0.3,10,0.05,0.9,True,0.0005,"<Client: 'inproc://172.31.40.124/8363/1' processes=1 threads=4, memory=16.48 GB>",0.0,0.000127488,0.07832,28280,6292480,125,125,25,3200,3200,0.05,10.346656322479248,0.9145999550819396,0.2795901947021485,0.0
125,0.919099986553192,<class 'model.Wide_ResNet'>,<class 'torch.nn.modules.loss.CrossEntropyLoss'>,<class 'torch.optim.sgd.SGD'>,,cuda:0,,128,200,0.05,128,99999999,1024,1,8,,16,4,0.3,10,0.05,0.9,True,0.0005,"<Client: 'inproc://172.31.40.124/8363/1' processes=1 threads=4, memory=16.48 GB>",0.0,0.000127488,0.07832,28296,6343680,126,126,25,3200,3200,0.05,10.353094816207886,0.919099986553192,0.2732914520263672,0.0
126,0.915399968624115,<class 'model.Wide_ResNet'>,<class 'torch.nn.modules.loss.CrossEntropyLoss'>,<class 'torch.optim.sgd.SGD'>,,cuda:0,,128,200,0.05,128,99999999,1024,1,8,,16,4,0.3,10,0.05,0.9,True,0.0005,"<Client: 'inproc://172.31.40.124/8363/1' processes=1 threads=4, memory=16.48 GB>",0.0,0.000127488,0.07832,28312,6394880,127,127,25,3200,3200,0.05,10.285697221755981,0.915399968624115,0.2796539703369141,0.0
127,0.9175999760627748,<class 'model.Wide_ResNet'>,<class 'torch.nn.modules.loss.CrossEntropyLoss'>,<class 'torch.optim.sgd.SGD'>,,cuda:0,,128,200,0.05,128,99999999,1024,1,8,,16,4,0.3,10,0.05,0.9,True,0.0005,"<Client: 'inproc://172.31.40.124/8363/1' processes=1 threads=4, memory=16.48 GB>",0.0,0.000127488,0.07832,28328,6446080,128,128,25,3200,3200,0.05,10.212536096572876,0.9175999760627748,0.27011719970703124,0.0
128,0.9182999730110168,<class 'model.Wide_ResNet'>,<class 'torch.nn.modules.loss.CrossEntropyLoss'>,<class 'torch.optim.sgd.SGD'>,,cuda:0,,128,200,0.05,128,99999999,1024,1,8,,16,4,0.3,10,0.05,0.9,True,0.0005,"<Client: 'inproc://172.31.40.124/8363/1' processes=1 threads=4, memory=16.48 GB>",0.0,0.000127488,0.07832,28344,6497280,129,129,25,3200,3200,0.05,10.252217054367065,0.9182999730110168,0.27808862609863283,0.0
129,0.9162999987602234,<class 'model.Wide_ResNet'>,<class 'torch.nn.modules.loss.CrossEntropyLoss'>,<class 'torch.optim.sgd.SGD'>,,cuda:0,,128,200,0.05,128,99999999,1024,1,8,,16,4,0.3,10,0.05,0.9,True,0.0005,"<Client: 'inproc://172.31.40.124/8363/1' processes=1 threads=4, memory=16.48 GB>",0.0,0.000127488,0.07832,28360,6548480,130,130,25,3200,3200,0.05,10.584794282913208,0.9162999987602234,0.2755822952270508,0.0
130,0.9181999564170836,<class 'model.Wide_ResNet'>,<class 'torch.nn.modules.loss.CrossEntropyLoss'>,<class 'torch.optim.sgd.SGD'>,,cuda:0,,128,200,0.05,128,99999999,1024,1,8,,16,4,0.3,10,0.05,0.9,True,0.0005,"<Client: 'inproc://172.31.40.124/8363/1' processes=1 threads=4, memory=16.48 GB>",0.0,0.000127488,0.07832,28376,6599680,131,131,25,3200,3200,0.05,10.378067016601562,0.9181999564170836,0.2778570007324219,0.0
131,0.9160999655723572,<class 'model.Wide_ResNet'>,<class 'torch.nn.modules.loss.CrossEntropyLoss'>,<class 'torch.optim.sgd.SGD'>,,cuda:0,,128,200,0.05,128,99999999,1024,1,8,,16,4,0.3,10,0.05,0.9,True,0.0005,"<Client: 'inproc://172.31.40.124/8363/1' processes=1 threads=4, memory=16.48 GB>",0.0,0.000127488,0.07832,28392,6650880,132,132,25,3200,3200,0.05,10.357883214950562,0.9160999655723572,0.2789248123168945,0.0
132,0.9211999773979188,<class 'model.Wide_ResNet'>,<class 'torch.nn.modules.loss.CrossEntropyLoss'>,<class 'torch.optim.sgd.SGD'>,,cuda:0,,128,200,0.05,128,99999999,1024,1,8,,16,4,0.3,10,0.05,0.9,True,0.0005,"<Client: 'inproc://172.31.40.124/8363/1' processes=1 threads=4, memory=16.48 GB>",0.0,0.000127488,0.07832,28408,6702080,133,133,25,3200,3200,0.05,10.288747072219849,0.9211999773979188,0.27201318664550783,0.0
133,0.9194999933242798,<class 'model.Wide_ResNet'>,<class 'torch.nn.modules.loss.CrossEntropyLoss'>,<class 'torch.optim.sgd.SGD'>,,cuda:0,,128,200,0.05,128,99999999,1024,1,8,,16,4,0.3,10,0.05,0.9,True,0.0005,"<Client: 'inproc://172.31.40.124/8363/1' processes=1 threads=4, memory=16.48 GB>",0.0,0.000127488,0.07832,28424,6753280,134,134,25,3200,3200,0.05,10.158737659454346,0.9194999933242798,0.27693546600341795,0.0
134,0.91839998960495,<class 'model.Wide_ResNet'>,<class 'torch.nn.modules.loss.CrossEntropyLoss'>,<class 'torch.optim.sgd.SGD'>,,cuda:0,,128,200,0.05,128,99999999,1024,1,8,,16,4,0.3,10,0.05,0.9,True,0.0005,"<Client: 'inproc://172.31.40.124/8363/1' processes=1 threads=4, memory=16.48 GB>",0.0,0.000127488,0.07832,28440,6804480,135,135,25,3200,3200,0.05,10.284302949905396,0.91839998960495,0.2858052001953125,0.0
135,0.9156999588012696,<class 'model.Wide_ResNet'>,<class 'torch.nn.modules.loss.CrossEntropyLoss'>,<class 'torch.optim.sgd.SGD'>,,cuda:0,,128,200,0.05,128,99999999,1024,1,8,,16,4,0.3,10,0.05,0.9,True,0.0005,"<Client: 'inproc://172.31.40.124/8363/1' processes=1 threads=4, memory=16.48 GB>",0.0,0.000127488,0.07832,28456,6855680,136,136,25,3200,3200,0.05,10.304555892944336,0.9156999588012696,0.28224534454345696,0.0
136,0.9160999655723572,<class 'model.Wide_ResNet'>,<class 'torch.nn.modules.loss.CrossEntropyLoss'>,<class 'torch.optim.sgd.SGD'>,,cuda:0,,128,200,0.05,128,99999999,1024,1,8,,16,4,0.3,10,0.05,0.9,True,0.0005,"<Client: 'inproc://172.31.40.124/8363/1' processes=1 threads=4, memory=16.48 GB>",0.0,0.000127488,0.07832,28472,6906880,137,137,25,3200,3200,0.05,10.212271213531494,0.9160999655723572,0.2759625122070313,0.0
137,0.9164999723434448,<class 'model.Wide_ResNet'>,<class 'torch.nn.modules.loss.CrossEntropyLoss'>,<class 'torch.optim.sgd.SGD'>,,cuda:0,,128,200,0.05,128,99999999,1024,1,8,,16,4,0.3,10,0.05,0.9,True,0.0005,"<Client: 'inproc://172.31.40.124/8363/1' processes=1 threads=4, memory=16.48 GB>",0.0,0.000127488,0.07832,28488,6958080,138,138,25,3200,3200,0.05,10.581181049346924,0.9164999723434448,0.2743706481933594,0.0
138,0.917799949645996,<class 'model.Wide_ResNet'>,<class 'torch.nn.modules.loss.CrossEntropyLoss'>,<class 'torch.optim.sgd.SGD'>,,cuda:0,,128,200,0.05,128,99999999,1024,1,8,,16,4,0.3,10,0.05,0.9,True,0.0005,"<Client: 'inproc://172.31.40.124/8363/1' processes=1 threads=4, memory=16.48 GB>",0.0,0.000127488,0.07832,28504,7009280,139,139,25,3200,3200,0.05,10.27844786643982,0.917799949645996,0.284003271484375,0.0
139,0.9160999655723572,<class 'model.Wide_ResNet'>,<class 'torch.nn.modules.loss.CrossEntropyLoss'>,<class 'torch.optim.sgd.SGD'>,,cuda:0,,128,200,0.05,128,99999999,1024,1,8,,16,4,0.3,10,0.05,0.9,True,0.0005,"<Client: 'inproc://172.31.40.124/8363/1' processes=1 threads=4, memory=16.48 GB>",0.0,0.000127488,0.07832,28520,7060480,140,140,25,3200,3200,0.05,10.255527257919312,0.9160999655723572,0.2814850143432617,0.0
140,0.9185999631881714,<class 'model.Wide_ResNet'>,<class 'torch.nn.modules.loss.CrossEntropyLoss'>,<class 'torch.optim.sgd.SGD'>,,cuda:0,,128,200,0.05,128,99999999,1024,1,8,,16,4,0.3,10,0.05,0.9,True,0.0005,"<Client: 'inproc://172.31.40.124/8363/1' processes=1 threads=4, memory=16.48 GB>",0.0,0.000127488,0.07832,28536,7111680,141,141,25,3200,3200,0.05,10.27319049835205,0.9185999631881714,0.28270496368408204,0.0
141,0.917199969291687,<class 'model.Wide_ResNet'>,<class 'torch.nn.modules.loss.CrossEntropyLoss'>,<class 'torch.optim.sgd.SGD'>,,cuda:0,,128,200,0.05,128,99999999,1024,1,8,,16,4,0.3,10,0.05,0.9,True,0.0005,"<Client: 'inproc://172.31.40.124/8363/1' processes=1 threads=4, memory=16.48 GB>",0.0,0.000127488,0.07832,28552,7162880,142,142,25,3200,3200,0.05,10.26522946357727,0.917199969291687,0.2792824249267578,0.0
142,0.9150999784469604,<class 'model.Wide_ResNet'>,<class 'torch.nn.modules.loss.CrossEntropyLoss'>,<class 'torch.optim.sgd.SGD'>,,cuda:0,,128,200,0.05,128,99999999,1024,1,8,,16,4,0.3,10,0.05,0.9,True,0.0005,"<Client: 'inproc://172.31.40.124/8363/1' processes=1 threads=4, memory=16.48 GB>",0.0,0.000127488,0.07832,28568,7214080,143,143,25,3200,3200,0.05,10.306930780410767,0.9150999784469604,0.28904628601074217,0.0
143,0.9217000007629396,<class 'model.Wide_ResNet'>,<class 'torch.nn.modules.loss.CrossEntropyLoss'>,<class 'torch.optim.sgd.SGD'>,,cuda:0,,128,200,0.05,128,99999999,1024,1,8,,16,4,0.3,10,0.05,0.9,True,0.0005,"<Client: 'inproc://172.31.40.124/8363/1' processes=1 threads=4, memory=16.48 GB>",0.0,0.000127488,0.07832,28584,7265280,144,144,25,3200,3200,0.05,10.281079769134521,0.9217000007629396,0.27486600341796874,0.0
144,0.9179999828338624,<class 'model.Wide_ResNet'>,<class 'torch.nn.modules.loss.CrossEntropyLoss'>,<class 'torch.optim.sgd.SGD'>,,cuda:0,,128,200,0.05,128,99999999,1024,1,8,,16,4,0.3,10,0.05,0.9,True,0.0005,"<Client: 'inproc://172.31.40.124/8363/1' processes=1 threads=4, memory=16.48 GB>",0.0,0.000127488,0.07832,28600,7316480,145,145,25,3200,3200,0.05,10.334559440612793,0.9179999828338624,0.2759235641479492,0.0
145,0.915399968624115,<class 'model.Wide_ResNet'>,<class 'torch.nn.modules.loss.CrossEntropyLoss'>,<class 'torch.optim.sgd.SGD'>,,cuda:0,,128,200,0.05,128,99999999,1024,1,8,,16,4,0.3,10,0.05,0.9,True,0.0005,"<Client: 'inproc://172.31.40.124/8363/1' processes=1 threads=4, memory=16.48 GB>",0.0,0.000127488,0.07832,28616,7367680,146,146,25,3200,3200,0.05,10.631618738174438,0.915399968624115,0.2837122497558594,0.0
146,0.9162999987602234,<class 'model.Wide_ResNet'>,<class 'torch.nn.modules.loss.CrossEntropyLoss'>,<class 'torch.optim.sgd.SGD'>,,cuda:0,,128,200,0.05,128,99999999,1024,1,8,,16,4,0.3,10,0.05,0.9,True,0.0005,"<Client: 'inproc://172.31.40.124/8363/1' processes=1 threads=4, memory=16.48 GB>",0.0,0.000127488,0.07832,28632,7418880,147,147,25,3200,3200,0.05,10.42632007598877,0.9162999987602234,0.2825529312133789,0.0
147,0.915299952030182,<class 'model.Wide_ResNet'>,<class 'torch.nn.modules.loss.CrossEntropyLoss'>,<class 'torch.optim.sgd.SGD'>,,cuda:0,,128,200,0.05,128,99999999,1024,1,8,,16,4,0.3,10,0.05,0.9,True,0.0005,"<Client: 'inproc://172.31.40.124/8363/1' processes=1 threads=4, memory=16.48 GB>",0.0,0.000127488,0.07832,28648,7470080,148,148,25,3200,3200,0.05,10.310789108276367,0.915299952030182,0.2880335601806641,0.0
148,0.9157999753952026,<class 'model.Wide_ResNet'>,<class 'torch.nn.modules.loss.CrossEntropyLoss'>,<class 'torch.optim.sgd.SGD'>,,cuda:0,,128,200,0.05,128,99999999,1024,1,8,,16,4,0.3,10,0.05,0.9,True,0.0005,"<Client: 'inproc://172.31.40.124/8363/1' processes=1 threads=4, memory=16.48 GB>",0.0,0.000127488,0.07832,28664,7521280,149,149,25,3200,3200,0.05,10.283630132675171,0.9157999753952026,0.2782332000732422,0.0
149,0.9164999723434448,<class 'model.Wide_ResNet'>,<class 'torch.nn.modules.loss.CrossEntropyLoss'>,<class 'torch.optim.sgd.SGD'>,,cuda:0,,128,200,0.05,128,99999999,1024,1,8,,16,4,0.3,10,0.05,0.9,True,0.0005,"<Client: 'inproc://172.31.40.124/8363/1' processes=1 threads=4, memory=16.48 GB>",0.0,0.000127488,0.07832,28680,7572480,150,150,25,3200,3200,0.05,10.221125602722168,0.9164999723434448,0.27945769805908205,0.0
150,0.9146999716758728,<class 'model.Wide_ResNet'>,<class 'torch.nn.modules.loss.CrossEntropyLoss'>,<class 'torch.optim.sgd.SGD'>,,cuda:0,,128,200,0.05,128,99999999,1024,1,8,,16,4,0.3,10,0.05,0.9,True,0.0005,"<Client: 'inproc://172.31.40.124/8363/1' processes=1 threads=4, memory=16.48 GB>",0.0,0.000127488,0.07832,28696,7623680,151,151,25,3200,3200,0.05,10.279609680175781,0.9146999716758728,0.28143519592285154,0.0
151,0.9157999753952026,<class 'model.Wide_ResNet'>,<class 'torch.nn.modules.loss.CrossEntropyLoss'>,<class 'torch.optim.sgd.SGD'>,,cuda:0,,128,200,0.05,128,99999999,1024,1,8,,16,4,0.3,10,0.05,0.9,True,0.0005,"<Client: 'inproc://172.31.40.124/8363/1' processes=1 threads=4, memory=16.48 GB>",0.0,0.000127488,0.07832,28712,7674880,152,152,25,3200,3200,0.05,10.293048620223999,0.9157999753952026,0.28494555969238283,0.0
152,0.9161999821662904,<class 'model.Wide_ResNet'>,<class 'torch.nn.modules.loss.CrossEntropyLoss'>,<class 'torch.optim.sgd.SGD'>,,cuda:0,,128,200,0.05,128,99999999,1024,1,8,,16,4,0.3,10,0.05,0.9,True,0.0005,"<Client: 'inproc://172.31.40.124/8363/1' processes=1 threads=4, memory=16.48 GB>",0.0,0.000127488,0.07832,28728,7726080,153,153,25,3200,3200,0.05,10.269113302230835,0.9161999821662904,0.27986079711914064,0.0
153,0.9145999550819396,<class 'model.Wide_ResNet'>,<class 'torch.nn.modules.loss.CrossEntropyLoss'>,<class 'torch.optim.sgd.SGD'>,,cuda:0,,128,200,0.05,128,99999999,1024,1,8,,16,4,0.3,10,0.05,0.9,True,0.0005,"<Client: 'inproc://172.31.40.124/8363/1' processes=1 threads=4, memory=16.48 GB>",0.0,0.000127488,0.07832,28744,7777280,154,154,25,3200,3200,0.05,10.443238258361816,0.9145999550819396,0.2889864654541016,0.0
154,0.9167000055313109,<class 'model.Wide_ResNet'>,<class 'torch.nn.modules.loss.CrossEntropyLoss'>,<class 'torch.optim.sgd.SGD'>,,cuda:0,,128,200,0.05,128,99999999,1024,1,8,,16,4,0.3,10,0.05,0.9,True,0.0005,"<Client: 'inproc://172.31.40.124/8363/1' processes=1 threads=4, memory=16.48 GB>",0.0,0.000127488,0.07832,28760,7828480,155,155,25,3200,3200,0.05,10.250883102416992,0.9167000055313109,0.2906190490722656,0.0
155,0.9178999662399292,<class 'model.Wide_ResNet'>,<class 'torch.nn.modules.loss.CrossEntropyLoss'>,<class 'torch.optim.sgd.SGD'>,,cuda:0,,128,200,0.05,128,99999999,1024,1,8,,16,4,0.3,10,0.05,0.9,True,0.0005,"<Client: 'inproc://172.31.40.124/8363/1' processes=1 threads=4, memory=16.48 GB>",0.0,0.000127488,0.07832,28776,7879680,156,156,25,3200,3200,0.05,10.283778190612793,0.9178999662399292,0.2794931091308594,0.0
156,0.917199969291687,<class 'model.Wide_ResNet'>,<class 'torch.nn.modules.loss.CrossEntropyLoss'>,<class 'torch.optim.sgd.SGD'>,,cuda:0,,128,200,0.05,128,99999999,1024,1,8,,16,4,0.3,10,0.05,0.9,True,0.0005,"<Client: 'inproc://172.31.40.124/8363/1' processes=1 threads=4, memory=16.48 GB>",0.0,0.000127488,0.07832,28792,7930880,157,157,25,3200,3200,0.05,10.310138463973999,0.917199969291687,0.2867825241088867,0.0
157,0.9181999564170836,<class 'model.Wide_ResNet'>,<class 'torch.nn.modules.loss.CrossEntropyLoss'>,<class 'torch.optim.sgd.SGD'>,,cuda:0,,128,200,0.05,128,99999999,1024,1,8,,16,4,0.3,10,0.05,0.9,True,0.0005,"<Client: 'inproc://172.31.40.124/8363/1' processes=1 threads=4, memory=16.48 GB>",0.0,0.000127488,0.07832,28808,7982080,158,158,25,3200,3200,0.05,10.256258487701416,0.9181999564170836,0.2882823638916016,0.0
158,0.9161999821662904,<class 'model.Wide_ResNet'>,<class 'torch.nn.modules.loss.CrossEntropyLoss'>,<class 'torch.optim.sgd.SGD'>,,cuda:0,,128,200,0.05,128,99999999,1024,1,8,,16,4,0.3,10,0.05,0.9,True,0.0005,"<Client: 'inproc://172.31.40.124/8363/1' processes=1 threads=4, memory=16.48 GB>",0.0,0.000127488,0.07832,28824,8033280,159,159,25,3200,3200,0.05,10.334317684173584,0.9161999821662904,0.27805933227539065,0.0
159,0.9151999950408936,<class 'model.Wide_ResNet'>,<class 'torch.nn.modules.loss.CrossEntropyLoss'>,<class 'torch.optim.sgd.SGD'>,,cuda:0,,128,200,0.05,128,99999999,1024,1,8,,16,4,0.3,10,0.05,0.9,True,0.0005,"<Client: 'inproc://172.31.40.124/8363/1' processes=1 threads=4, memory=16.48 GB>",0.0,0.000127488,0.07832,28840,8084480,160,160,25,3200,3200,0.05,10.351459741592407,0.9151999950408936,0.2911393035888672,0.0
160,0.9169999957084656,<class 'model.Wide_ResNet'>,<class 'torch.nn.modules.loss.CrossEntropyLoss'>,<class 'torch.optim.sgd.SGD'>,,cuda:0,,128,200,0.05,128,99999999,1024,1,8,,16,4,0.3,10,0.05,0.9,True,0.0005,"<Client: 'inproc://172.31.40.124/8363/1' processes=1 threads=4, memory=16.48 GB>",0.0,0.000127488,0.07832,28856,8135680,161,161,25,3200,3200,0.05,10.244935274124146,0.9169999957084656,0.2807850341796875,0.0
